customer_id,tenure_months,monthly_spend,active_rentals,late_payments,early_returns,cart_abandonment,days_inactive,avg_rating,churn
CUST_0001,7,1276.42,1,0,1,5,8.3,2.61,0
CUST_0002,20,2276.19,3,0,0,2,9.7,2.68,0
CUST_0003,15,1619.78,1,2,2,0,17.8,3.4,0
CUST_0004,11,1317.13,3,2,0,5,44.3,3.31,1
CUST_0005,8,1196.33,4,3,0,2,0.7,2.64,0
CUST_0006,21,1169.45,3,1,0,1,5.0,3.74,0
CUST_0007,7,639.79,3,1,0,4,3.9,5.0,0
CUST_0008,19,1075.56,1,1,0,4,12.6,3.05,0
CUST_0009,23,1157.65,1,3,1,4,10.1,3.11,0
CUST_0010,11,2209.57,3,1,1,3,23.5,4.0,0
CUST_0011,11,1700.57,4,1,1,1,5.0,3.0,0
CUST_0012,21,1304.65,1,2,1,3,16.2,4.1,0
CUST_0013,4,3185.83,1,2,0,0,38.8,2.85,1
CUST_0014,8,1401.66,1,1,1,0,43.5,5.0,0
CUST_0015,3,2500.26,2,1,0,4,57.4,3.81,1
CUST_0016,22,2772.67,1,3,1,5,26.7,2.94,1
CUST_0017,21,858.02,2,2,0,2,42.6,2.97,0
CUST_0018,2,1844.38,2,0,0,1,4.8,3.04,0
CUST_0019,12,1489.48,3,2,0,1,4.0,4.74,0
CUST_0020,6,1440.65,1,1,1,1,0.1,2.36,0
CUST_0021,2,2133.23,2,3,0,3,22.1,2.9,1
CUST_0022,21,1426.28,1,1,1,0,49.9,2.99,0
CUST_0023,1,1502.42,2,2,0,2,3.7,3.49,0
CUST_0024,12,1699.13,1,0,1,0,18.2,3.26,0
CUST_0025,22,1575.96,1,2,2,2,24.7,2.16,1
CUST_0026,12,1095.86,3,2,1,0,47.3,3.14,1
CUST_0027,17,2277.54,1,1,1,5,18.7,3.41,0
CUST_0028,10,2429.12,1,0,2,2,63.3,2.93,1
CUST_0029,16,2006.17,1,2,1,2,7.6,4.12,0
CUST_0030,15,1574.07,3,3,1,7,7.8,4.33,0
CUST_0031,15,1376.87,1,0,1,1,14.1,3.43,0
CUST_0032,19,1377.83,1,1,1,3,8.7,3.71,0
CUST_0033,12,3214.43,2,1,0,0,0.0,1.56,0
CUST_0034,23,2362.7,3,0,1,1,23.7,3.12,0
CUST_0035,20,1295.93,1,1,1,2,25.1,4.4,0
CUST_0036,3,1898.82,2,2,0,1,24.7,3.12,1
CUST_0037,5,1582.48,2,0,1,2,7.6,2.84,0
CUST_0038,19,2150.28,1,1,0,0,13.3,5.0,0
CUST_0039,7,2126.1,2,2,0,1,8.0,5.0,0
CUST_0040,21,2450.17,1,3,1,0,0.3,3.92,0
CUST_0041,9,1289.67,3,0,2,4,14.9,4.53,0
CUST_0042,7,1862.84,3,1,2,2,2.4,1.5,1
CUST_0043,18,750.87,1,2,2,1,1.5,2.79,0
CUST_0044,4,1045.6,1,2,1,0,25.4,3.08,1
CUST_0045,14,2330.46,3,1,0,8,0.2,3.29,0
CUST_0046,18,1229.59,1,1,0,1,57.5,3.06,0
CUST_0047,9,1295.45,1,1,1,3,13.0,1.2,1
CUST_0048,21,1795.03,1,2,0,2,73.4,3.85,1
CUST_0049,2,2216.86,1,2,1,1,1.1,3.99,0
CUST_0050,20,1163.5,3,1,1,1,15.8,4.94,0
CUST_0051,15,400.0,2,0,0,4,7.7,2.79,0
CUST_0052,7,1277.87,3,2,2,1,33.4,2.72,1
CUST_0053,12,2523.38,1,3,1,1,8.1,1.09,1
CUST_0054,8,2005.88,2,1,1,2,5.4,3.24,0
CUST_0055,15,2594.32,1,1,2,2,35.1,4.31,0
CUST_0056,3,1120.91,1,0,1,0,8.5,2.95,0
CUST_0057,14,816.36,1,2,0,2,0.3,5.0,0
CUST_0058,17,2077.53,1,0,1,1,8.9,3.27,0
CUST_0059,4,1944.01,3,1,1,3,19.1,3.63,0
CUST_0060,18,1983.33,1,1,1,1,5.3,2.27,0
CUST_0061,8,2359.8,6,0,1,2,10.2,3.76,0
CUST_0062,4,2053.01,4,1,1,6,1.1,1.72,1
CUST_0063,2,2043.37,3,1,0,3,16.0,4.12,0
CUST_0064,6,2229.0,1,2,1,0,25.4,4.15,0
CUST_0065,22,2101.45,4,2,2,2,9.6,4.72,0
CUST_0066,10,2314.47,2,0,0,4,9.8,2.58,0
CUST_0067,4,2405.11,3,2,0,0,1.7,3.64,0
CUST_0068,22,2719.01,2,0,2,3,4.1,4.01,0
CUST_0069,18,1410.49,1,0,1,2,3.0,3.9,0
CUST_0070,12,2088.34,1,1,2,3,11.8,2.72,1
CUST_0071,2,1577.81,1,1,2,2,13.6,1.35,1
CUST_0072,10,1299.86,2,0,1,3,53.5,3.81,1
CUST_0073,4,1386.28,3,3,1,1,1.4,3.36,1
CUST_0074,14,2096.97,1,0,1,3,16.5,2.99,0
CUST_0075,16,2050.95,1,1,0,1,13.5,4.19,0
CUST_0076,15,2040.25,1,1,1,5,13.1,3.46,0
CUST_0077,8,1664.57,1,1,1,0,37.2,2.31,1
CUST_0078,14,1802.05,3,1,1,6,4.1,1.76,1
CUST_0079,23,2290.65,1,1,1,3,0.7,2.48,0
CUST_0080,8,906.36,1,1,1,2,20.1,5.0,0
CUST_0081,21,1814.79,2,2,0,3,7.6,4.15,0
CUST_0082,16,1853.97,5,1,0,1,0.3,3.67,0
CUST_0083,13,2251.98,3,2,0,3,5.2,3.34,0
CUST_0084,18,989.85,1,1,0,1,6.7,3.28,0
CUST_0085,15,2697.08,2,1,2,2,17.3,4.55,0
CUST_0086,21,1928.18,2,1,0,2,3.4,3.06,0
CUST_0087,13,1959.95,4,1,0,1,9.6,4.02,0
CUST_0088,9,1559.17,1,1,1,2,11.9,3.19,0
CUST_0089,15,2122.81,1,1,1,2,11.1,5.0,0
CUST_0090,13,1828.77,1,0,0,2,65.7,4.17,0
CUST_0091,1,2525.39,1,0,1,5,0.8,4.62,0
CUST_0092,7,935.1,1,1,1,1,54.3,2.97,1
CUST_0093,9,1905.33,1,1,0,0,15.7,4.45,0
CUST_0094,1,2045.11,3,3,0,4,28.6,3.22,1
CUST_0095,12,1688.18,1,0,2,4,10.1,3.6,0
CUST_0096,8,1557.2,1,0,1,3,10.9,4.97,0
CUST_0097,11,1582.23,1,0,1,4,38.1,2.56,1
CUST_0098,19,1904.78,1,3,0,2,40.7,3.68,0
CUST_0099,17,714.02,1,2,0,0,4.9,3.89,0
CUST_0100,8,2379.01,1,0,1,0,4.0,3.97,0
CUST_0101,3,1511.92,1,1,0,3,12.3,3.09,0
CUST_0102,3,1876.68,1,2,1,4,41.5,5.0,1
CUST_0103,1,2020.26,1,0,1,2,7.0,2.33,0
CUST_0104,5,1484.52,2,1,0,0,19.0,4.81,0
CUST_0105,10,1721.38,2,0,1,0,22.2,4.59,0
CUST_0106,7,578.86,3,3,1,1,27.1,5.0,0
CUST_0107,9,2239.27,3,2,0,1,14.9,2.07,1
CUST_0108,7,2448.04,1,2,1,2,9.3,2.72,1
CUST_0109,9,779.4,1,1,0,0,61.4,4.84,0
CUST_0110,8,1556.1,1,1,1,0,17.0,1.81,1
CUST_0111,12,1062.08,1,3,0,1,23.5,2.05,1
CUST_0112,2,1693.36,2,1,0,2,7.6,3.06,0
CUST_0113,1,2189.18,2,0,1,1,20.0,3.67,0
CUST_0114,16,2392.39,1,1,1,4,5.4,4.93,0
CUST_0115,23,2473.11,3,1,2,2,5.1,3.33,0
CUST_0116,23,2586.33,1,1,0,3,22.6,2.95,0
CUST_0117,5,1666.55,5,3,0,2,13.3,3.78,0
CUST_0118,3,1111.82,2,0,1,3,20.7,3.92,0
CUST_0119,12,1731.25,1,1,1,0,5.7,3.9,0
CUST_0120,8,2179.96,2,1,0,4,16.4,3.34,0
CUST_0121,22,1063.64,3,0,1,2,10.6,1.74,0
CUST_0122,3,2796.08,1,2,1,2,16.4,2.67,1
CUST_0123,1,2338.73,4,0,1,1,6.2,4.78,0
CUST_0124,3,1676.06,1,0,2,2,22.6,3.67,1
CUST_0125,5,1373.48,2,2,0,1,29.5,3.21,1
CUST_0126,15,1398.53,3,0,1,1,5.4,4.51,0
CUST_0127,14,1844.52,1,2,0,0,6.4,2.48,0
CUST_0128,3,1662.36,1,1,1,3,19.5,3.3,1
CUST_0129,1,2370.3,2,2,1,5,21.4,3.62,1
CUST_0130,5,1594.21,2,1,2,2,21.9,3.1,1
CUST_0131,23,2103.3,1,1,1,1,20.7,3.59,0
CUST_0132,14,1782.65,1,2,2,0,9.0,3.33,0
CUST_0133,7,1961.8,3,1,1,1,9.0,2.24,0
CUST_0134,9,1661.97,5,0,2,2,5.3,3.66,0
CUST_0135,15,2224.63,1,1,1,0,3.1,2.3,0
CUST_0136,15,2233.52,3,1,1,2,21.2,3.65,0
CUST_0137,10,2075.96,2,1,0,1,1.8,4.74,0
CUST_0138,13,2164.51,5,1,0,1,50.0,3.25,0
CUST_0139,19,1233.38,1,1,0,5,31.5,2.45,0
CUST_0140,7,1993.95,2,1,1,0,35.1,3.39,1
CUST_0141,17,2549.52,1,1,1,2,42.7,2.75,1
CUST_0142,20,2094.84,1,0,1,0,9.5,4.04,0
CUST_0143,4,1181.57,3,0,2,0,33.8,3.37,1
CUST_0144,5,1770.14,1,1,2,0,3.1,5.0,0
CUST_0145,23,2024.99,3,0,0,3,0.4,4.55,0
CUST_0146,7,1345.56,2,0,0,4,27.7,3.36,0
CUST_0147,13,985.04,2,0,1,4,1.4,4.14,0
CUST_0148,15,1610.34,1,1,0,1,80.4,3.15,1
CUST_0149,11,1355.5,1,0,1,2,20.2,3.53,0
CUST_0150,4,1791.43,1,1,1,2,25.2,3.17,1
CUST_0151,13,845.16,2,2,1,1,5.1,4.19,0
CUST_0152,7,2138.82,2,1,1,3,20.2,4.79,0
CUST_0153,19,1419.24,1,1,1,3,0.8,4.22,0
CUST_0154,22,2397.45,2,0,0,2,32.7,4.33,0
CUST_0155,2,1633.86,1,4,1,1,3.3,4.33,1
CUST_0156,10,1784.77,1,0,1,3,21.5,4.0,0
CUST_0157,13,1696.18,2,0,0,0,4.6,2.47,0
CUST_0158,21,1387.1,1,1,0,3,1.3,5.0,0
CUST_0159,6,3283.37,4,2,1,2,11.8,5.0,0
CUST_0160,12,1502.48,4,2,0,1,3.3,3.29,0
CUST_0161,12,2414.11,1,1,0,3,23.5,3.17,0
CUST_0162,20,1143.82,1,1,1,3,4.9,4.05,0
CUST_0163,11,2023.28,6,2,1,2,7.5,4.0,0
CUST_0164,23,2087.32,1,2,0,3,15.1,3.32,0
CUST_0165,7,1785.49,1,2,0,2,6.0,2.37,0
CUST_0166,1,1457.4,1,0,1,1,8.5,3.78,0
CUST_0167,1,1642.01,2,1,0,3,30.4,4.0,0
CUST_0168,20,1558.03,2,1,2,1,3.6,4.15,0
CUST_0169,13,3241.22,1,2,1,2,1.5,3.81,0
CUST_0170,9,1786.44,3,1,0,2,7.2,3.26,0
CUST_0171,3,2114.93,4,1,0,4,9.9,4.39,0
CUST_0172,7,2868.98,4,2,0,1,14.1,3.56,0
CUST_0173,6,1274.21,2,0,0,1,8.4,3.08,0
CUST_0174,8,1822.6,4,1,0,2,28.1,3.34,0
CUST_0175,9,1638.49,3,3,1,3,0.7,1.93,1
CUST_0176,5,1748.32,3,0,0,1,10.2,3.34,0
CUST_0177,1,1692.59,3,2,1,1,8.7,4.12,0
CUST_0178,19,1360.87,1,1,1,2,18.8,3.81,0
CUST_0179,10,1917.25,3,3,0,1,61.0,4.87,1
CUST_0180,12,1162.42,1,0,0,2,12.9,3.26,0
CUST_0181,15,2393.33,2,2,0,2,78.0,3.94,1
CUST_0182,22,2173.99,4,0,0,1,6.5,4.21,0
CUST_0183,9,1503.92,1,1,1,1,0.6,5.0,0
CUST_0184,20,1533.01,6,1,0,2,3.3,3.63,0
CUST_0185,17,1965.31,2,2,1,1,9.0,2.56,0
CUST_0186,17,1320.87,1,2,1,2,6.8,4.26,0
CUST_0187,20,2887.19,3,1,1,2,1.8,5.0,0
CUST_0188,12,2014.76,1,0,1,3,10.2,3.21,0
CUST_0189,7,2035.96,1,0,1,3,7.4,4.26,0
CUST_0190,2,2208.87,1,0,0,2,2.4,4.61,0
CUST_0191,3,1452.32,4,2,0,4,6.3,4.42,0
CUST_0192,17,2453.41,2,1,1,4,39.2,3.61,0
CUST_0193,5,1868.72,4,1,0,1,6.5,2.87,0
CUST_0194,17,2370.09,5,0,1,3,22.5,3.43,0
CUST_0195,17,1681.23,1,0,1,1,17.0,3.91,0
CUST_0196,17,2590.37,4,2,1,0,10.0,4.32,0
CUST_0197,2,2040.81,1,0,1,3,4.9,3.8,0
CUST_0198,2,3109.5,1,1,1,3,8.3,3.16,0
CUST_0199,22,1578.29,1,3,1,0,16.1,4.0,0
CUST_0200,23,1922.73,1,2,1,0,7.8,4.27,0
CUST_0201,5,1181.05,1,1,1,4,4.4,3.84,0
CUST_0202,1,1482.42,4,1,1,1,2.2,2.75,0
CUST_0203,1,2171.21,2,3,1,4,38.1,3.34,1
CUST_0204,19,2477.59,1,3,1,2,10.4,4.35,0
CUST_0205,2,3579.01,1,0,0,2,17.7,2.26,0
CUST_0206,21,1742.02,1,1,1,3,12.1,1.62,0
CUST_0207,12,1240.07,2,1,1,2,37.1,4.86,0
CUST_0208,6,2252.0,2,0,0,2,14.3,3.96,0
CUST_0209,23,1123.3,1,1,2,0,11.8,4.05,0
CUST_0210,4,2138.57,1,0,0,3,46.5,2.53,1
CUST_0211,23,1498.65,2,3,1,2,22.9,4.16,0
CUST_0212,11,1926.96,2,1,1,2,2.1,3.75,0
CUST_0213,17,2454.63,2,0,2,1,3.5,2.07,0
CUST_0214,6,1733.56,1,0,0,1,27.8,4.78,0
CUST_0215,5,2359.73,1,2,1,1,32.5,3.64,1
CUST_0216,20,2323.9,1,2,1,3,14.2,3.14,0
CUST_0217,2,681.4,2,0,0,1,14.6,3.16,0
CUST_0218,6,1259.04,4,3,0,4,18.0,1.69,1
CUST_0219,22,862.92,4,1,1,2,10.4,4.03,0
CUST_0220,11,3001.04,1,0,1,1,20.5,3.74,0
CUST_0221,16,1736.76,3,1,0,1,2.1,3.33,0
CUST_0222,16,2868.5,2,1,1,3,58.5,4.65,0
CUST_0223,1,820.23,1,2,1,2,25.0,2.25,1
CUST_0224,9,1456.34,1,1,1,0,18.0,2.96,0
CUST_0225,6,2280.3,2,1,2,3,6.8,2.73,1
CUST_0226,16,1907.56,2,0,0,1,3.2,3.25,0
CUST_0227,3,2119.72,1,1,2,0,9.5,3.56,0
CUST_0228,20,1047.72,2,2,1,6,19.5,3.89,0
CUST_0229,4,2626.08,1,1,0,1,18.1,3.19,0
CUST_0230,19,2266.21,1,3,0,4,8.7,2.71,0
CUST_0231,3,2040.98,1,1,1,3,17.1,5.0,0
CUST_0232,19,1388.63,1,2,0,3,30.3,5.0,0
CUST_0233,20,1994.28,3,3,1,3,0.5,3.63,0
CUST_0234,7,1625.11,1,1,1,3,10.8,2.82,0
CUST_0235,20,809.71,2,2,1,1,25.6,4.83,0
CUST_0236,9,1769.75,1,0,1,0,14.2,2.2,0
CUST_0237,1,1705.96,3,1,0,1,19.0,3.2,0
CUST_0238,8,2437.44,1,0,1,1,13.1,2.87,0
CUST_0239,7,459.34,2,0,0,0,86.6,2.46,1
CUST_0240,18,1941.12,1,1,2,1,1.0,3.25,0
CUST_0241,8,1106.66,4,1,0,3,12.2,2.72,0
CUST_0242,1,1991.53,1,0,2,0,1.7,3.51,0
CUST_0243,11,2024.57,1,2,0,0,3.1,3.52,0
CUST_0244,18,1747.89,2,1,0,2,8.7,2.94,0
CUST_0245,23,2284.38,1,0,0,1,3.0,3.17,0
CUST_0246,10,1052.54,2,0,1,4,59.7,3.29,1
CUST_0247,3,2464.63,2,0,1,0,52.8,4.23,0
CUST_0248,7,1375.15,2,4,1,2,7.4,3.37,1
CUST_0249,16,866.46,4,2,2,4,18.4,4.24,0
CUST_0250,16,1636.56,1,2,1,2,13.7,4.03,0
CUST_0251,20,542.91,1,1,1,4,30.4,4.01,0
CUST_0252,17,1952.5,3,3,1,1,17.8,4.75,0
CUST_0253,2,1644.45,1,3,0,2,0.0,2.49,1
CUST_0254,1,2540.21,1,1,0,0,25.9,3.07,0
CUST_0255,16,2189.35,3,2,2,2,24.7,5.0,0
CUST_0256,12,964.8,1,0,2,2,12.8,3.27,0
CUST_0257,5,1296.97,1,3,2,4,42.0,1.0,1
CUST_0258,5,2112.4,1,0,2,1,43.0,3.32,1
CUST_0259,23,2308.25,1,2,0,5,13.4,3.62,0
CUST_0260,9,2533.5,2,1,1,1,16.9,1.14,1
CUST_0261,9,2528.71,2,0,0,0,90.0,4.7,1
CUST_0262,3,1746.29,1,1,2,3,6.4,2.86,1
CUST_0263,19,2017.59,2,3,1,1,7.1,3.8,0
CUST_0264,16,2579.24,3,1,1,3,3.6,3.3,0
CUST_0265,16,1618.01,1,0,1,4,40.7,2.34,1
CUST_0266,3,2027.84,3,3,0,0,24.6,2.54,1
CUST_0267,20,1603.87,1,0,0,1,2.0,2.66,0
CUST_0268,22,1469.43,3,0,2,2,72.1,4.48,1
CUST_0269,1,1829.03,2,2,1,1,23.6,3.37,1
CUST_0270,20,1387.47,4,1,0,4,34.2,3.03,0
CUST_0271,11,1721.45,2,1,1,1,0.9,2.66,0
CUST_0272,17,1179.03,4,1,1,4,12.7,4.58,0
CUST_0273,8,1686.0,1,1,0,0,21.6,4.82,0
CUST_0274,4,2069.03,1,3,0,0,14.1,4.57,0
CUST_0275,6,1446.74,3,1,1,2,19.8,3.94,0
CUST_0276,8,1805.58,2,2,1,4,30.7,3.76,1
CUST_0277,20,1883.61,1,0,1,4,8.4,2.41,0
CUST_0278,3,2071.52,1,2,1,1,34.0,3.28,1
CUST_0279,16,1719.85,1,1,0,3,3.2,2.88,0
CUST_0280,3,2451.52,3,0,1,1,5.7,1.86,0
CUST_0281,18,539.45,4,1,0,1,0.8,4.45,0
CUST_0282,14,3562.65,3,2,0,1,8.2,2.87,0
CUST_0283,18,1277.32,1,1,1,2,8.6,4.58,0
CUST_0284,2,2042.03,1,1,2,3,29.5,4.29,1
CUST_0285,22,1236.92,2,1,0,3,19.1,4.0,0
CUST_0286,3,2186.56,4,1,0,0,10.3,4.05,0
CUST_0287,16,1965.94,1,0,1,0,19.0,2.95,0
CUST_0288,9,1409.57,1,1,1,0,1.0,5.0,0
CUST_0289,4,2443.85,1,1,1,1,3.6,3.54,0
CUST_0290,1,1701.62,2,1,1,2,17.7,3.77,0
CUST_0291,4,2128.33,1,1,1,3,18.5,2.92,1
CUST_0292,1,1249.7,2,1,1,2,26.8,2.66,1
CUST_0293,14,1781.47,1,2,0,3,9.3,3.93,0
CUST_0294,21,3002.04,3,1,0,3,23.1,3.7,0
CUST_0295,16,2377.78,6,1,0,4,20.7,2.79,0
CUST_0296,20,1984.57,1,2,1,2,59.5,2.21,1
CUST_0297,8,1530.65,2,1,2,1,4.4,2.36,1
CUST_0298,7,1840.5,2,2,1,2,14.4,4.58,0
CUST_0299,3,1918.54,2,0,0,2,16.6,2.95,0
CUST_0300,17,2069.54,2,1,0,2,90.0,3.19,1
CUST_0301,1,1154.0,2,0,0,1,4.0,4.81,0
CUST_0302,16,2201.04,1,1,0,1,13.3,2.49,0
CUST_0303,12,1146.24,4,2,1,0,7.6,2.85,0
CUST_0304,19,2778.68,2,0,2,0,13.4,2.81,0
CUST_0305,22,1337.02,1,1,2,2,4.8,4.96,0
CUST_0306,23,1977.98,1,2,1,1,0.9,5.0,0
CUST_0307,22,2403.09,2,1,1,7,15.3,4.18,0
CUST_0308,14,1648.57,1,2,1,1,7.4,4.21,0
CUST_0309,6,2004.36,3,1,0,1,3.6,2.98,0
CUST_0310,6,2661.11,2,1,1,1,7.0,5.0,0
CUST_0311,13,2138.64,2,1,1,2,0.9,3.74,0
CUST_0312,19,2013.33,1,0,1,4,54.1,4.27,0
CUST_0313,22,789.13,3,0,0,2,15.7,3.41,0
CUST_0314,8,1239.77,3,0,0,1,30.4,3.26,0
CUST_0315,2,2428.15,1,0,0,1,9.9,5.0,0
CUST_0316,21,2141.97,1,2,2,1,42.1,3.99,1
CUST_0317,1,2232.88,3,0,1,0,11.9,4.81,0
CUST_0318,15,2181.24,2,2,1,4,15.4,3.73,0
CUST_0319,1,2573.85,4,0,1,1,12.2,2.74,0
CUST_0320,5,1643.16,1,0,0,3,23.8,2.97,0
CUST_0321,16,1872.3,3,0,1,3,15.1,3.59,0
CUST_0322,19,1182.8,2,0,2,3,5.7,2.94,0
CUST_0323,4,1033.19,3,1,1,2,2.8,2.5,0
CUST_0324,3,813.76,1,1,2,2,16.8,4.58,0
CUST_0325,17,1268.9,1,3,0,3,12.1,3.01,0
CUST_0326,17,2731.54,2,1,0,2,1.8,3.62,0
CUST_0327,12,868.36,1,2,2,0,9.1,3.77,0
CUST_0328,14,1617.88,1,2,1,3,13.0,2.97,0
CUST_0329,21,1024.11,1,0,2,2,31.6,4.81,0
CUST_0330,6,1439.42,1,0,1,4,1.4,2.49,0
CUST_0331,3,1901.82,2,1,2,2,7.7,3.74,0
CUST_0332,9,1379.93,3,1,1,1,31.1,3.72,0
CUST_0333,5,2453.8,5,1,1,3,18.8,3.45,0
CUST_0334,17,2720.39,3,1,1,2,6.2,2.33,0
CUST_0335,14,450.54,2,2,0,2,33.6,4.28,0
CUST_0336,21,1390.2,3,0,2,0,12.2,4.17,0
CUST_0337,3,1835.49,2,2,1,0,12.4,2.89,1
CUST_0338,1,2475.67,3,2,1,4,67.6,4.14,1
CUST_0339,20,1527.45,2,0,1,1,52.9,3.84,0
CUST_0340,21,1788.04,1,1,1,2,8.0,2.35,0
CUST_0341,23,1105.95,4,1,1,1,2.7,2.73,0
CUST_0342,1,880.32,4,1,0,1,7.1,4.52,0
CUST_0343,3,2667.23,2,1,2,1,0.6,3.78,0
CUST_0344,18,705.56,3,0,1,2,0.4,2.99,0
CUST_0345,10,3197.17,2,0,1,3,9.1,2.73,0
CUST_0346,22,2235.09,1,0,0,2,50.9,3.04,0
CUST_0347,3,2207.98,2,0,0,1,36.9,3.1,0
CUST_0348,8,2145.28,1,0,0,1,12.9,2.74,0
CUST_0349,14,1648.39,2,1,1,2,15.0,1.93,1
CUST_0350,18,2035.25,1,1,0,1,0.1,4.53,0
CUST_0351,15,1686.66,1,1,2,3,4.4,4.37,0
CUST_0352,22,2131.84,2,0,0,2,0.5,2.35,0
CUST_0353,23,1779.79,1,1,0,1,25.3,3.62,0
CUST_0354,2,1229.79,2,3,0,3,2.8,2.69,1
CUST_0355,10,1277.66,3,1,0,3,36.6,3.26,0
CUST_0356,2,1209.44,1,1,1,4,18.6,3.19,1
CUST_0357,17,2382.54,1,0,1,0,4.7,3.11,0
CUST_0358,8,1429.53,2,1,1,4,3.1,5.0,0
CUST_0359,1,652.74,1,1,0,2,17.8,3.1,0
CUST_0360,9,2038.1,2,1,0,2,41.6,2.77,1
CUST_0361,11,2708.71,3,1,1,0,22.8,2.81,0
CUST_0362,22,2263.85,2,1,2,1,7.7,4.44,0
CUST_0363,16,1438.01,3,2,0,4,15.9,2.01,1
CUST_0364,7,847.91,3,2,1,2,6.7,2.81,1
CUST_0365,10,1719.44,3,1,1,3,90.0,4.8,1
CUST_0366,23,1704.47,1,2,0,2,24.9,3.72,0
CUST_0367,3,1218.48,1,0,1,7,17.2,3.67,0
CUST_0368,18,2130.62,1,1,0,2,9.9,5.0,0
CUST_0369,13,2907.98,1,1,1,3,17.3,3.72,0
CUST_0370,7,1933.37,2,2,0,0,7.5,2.86,0
CUST_0371,4,1896.29,2,2,1,2,0.5,3.25,0
CUST_0372,13,1237.66,3,0,0,3,9.0,2.48,0
CUST_0373,20,2638.45,1,0,2,3,48.0,4.63,0
CUST_0374,1,1754.91,1,0,0,3,17.7,4.02,0
CUST_0375,8,1452.62,2,1,2,3,1.6,4.51,0
CUST_0376,14,1838.21,1,0,1,1,38.9,4.59,0
CUST_0377,16,2083.18,2,1,2,2,5.6,3.13,0
CUST_0378,14,1883.53,2,1,1,2,5.0,2.65,0
CUST_0379,12,2523.69,2,0,1,1,6.3,3.45,0
CUST_0380,19,2030.38,1,1,0,1,15.5,2.71,0
CUST_0381,23,1629.63,4,3,0,3,14.2,3.65,0
CUST_0382,15,2040.72,1,3,1,4,12.2,4.52,0
CUST_0383,2,2099.78,3,0,0,1,22.8,3.35,0
CUST_0384,2,1022.17,1,0,2,0,6.9,3.63,0
CUST_0385,23,2489.65,1,1,0,2,27.4,3.42,0
CUST_0386,22,1619.46,6,1,1,1,3.5,4.22,0
CUST_0387,19,1634.81,2,1,1,2,27.5,2.9,0
CUST_0388,22,2250.83,1,1,1,3,19.6,1.52,1
CUST_0389,22,2248.3,2,1,1,2,20.7,3.92,0
CUST_0390,17,1379.5,5,3,0,0,11.8,4.39,0
CUST_0391,20,2281.74,1,1,1,1,19.8,3.9,0
CUST_0392,10,1463.73,3,1,0,1,1.5,2.92,0
CUST_0393,6,2891.74,3,3,2,0,34.3,2.48,1
CUST_0394,15,1303.08,1,0,1,4,1.0,3.95,0
CUST_0395,22,1943.69,4,0,2,1,2.9,3.63,0
CUST_0396,11,1330.79,3,1,0,2,15.5,3.39,0
CUST_0397,5,3133.62,1,0,0,0,24.2,5.0,0
CUST_0398,1,1057.31,2,1,0,4,1.4,2.65,0
CUST_0399,8,2114.62,1,0,0,0,45.6,5.0,0
CUST_0400,21,1359.05,1,0,0,1,65.4,3.53,0
CUST_0401,12,1587.54,1,0,1,2,16.8,1.85,0
CUST_0402,12,2072.12,1,3,0,3,11.8,3.34,0
CUST_0403,5,2534.75,2,0,1,1,24.3,4.36,0
CUST_0404,7,2774.04,2,2,2,2,7.2,3.17,1
CUST_0405,4,877.83,2,4,1,4,12.2,2.17,1
CUST_0406,6,1960.65,1,0,0,6,44.6,3.35,1
CUST_0407,13,2675.7,1,1,0,0,56.1,2.73,1
CUST_0408,20,788.81,1,2,1,1,47.1,3.94,0
CUST_0409,15,1988.63,2,2,0,1,5.5,4.2,0
CUST_0410,3,1798.75,1,1,1,2,4.8,2.55,0
CUST_0411,23,2048.73,2,0,0,0,6.4,2.86,0
CUST_0412,8,1336.62,3,1,1,3,10.5,4.18,0
CUST_0413,20,938.63,1,0,1,5,6.8,2.73,0
CUST_0414,16,652.14,1,0,1,1,8.4,2.53,0
CUST_0415,13,2385.83,3,2,0,4,17.4,2.44,1
CUST_0416,18,2462.43,1,2,0,2,25.9,3.82,0
CUST_0417,10,1981.61,2,2,1,2,23.9,3.78,0
CUST_0418,19,1479.51,6,1,1,3,30.3,2.88,0
CUST_0419,17,826.17,1,1,0,2,0.6,3.5,0
CUST_0420,19,2138.01,1,2,0,4,0.9,4.87,0
CUST_0421,23,1139.53,3,0,0,2,28.0,2.62,0
CUST_0422,5,1373.22,2,2,1,7,13.7,1.74,1
CUST_0423,21,1448.06,2,1,0,1,15.5,3.91,0
CUST_0424,23,1681.48,1,3,1,2,1.0,3.4,0
CUST_0425,9,1344.58,3,1,1,3,5.3,2.86,0
CUST_0426,12,1820.08,3,2,1,1,18.3,4.09,0
CUST_0427,21,1426.91,1,2,1,1,35.3,4.26,0
CUST_0428,1,2220.82,2,1,1,3,44.8,1.51,1
CUST_0429,1,2418.64,1,0,1,2,12.5,2.91,0
CUST_0430,15,1865.13,4,1,0,1,14.2,5.0,0
CUST_0431,2,2077.58,1,0,1,4,32.2,4.03,0
CUST_0432,22,3070.71,2,1,1,2,13.9,4.11,0
CUST_0433,16,1096.44,1,2,1,1,13.1,4.56,0
CUST_0434,8,1059.92,1,0,1,2,42.4,3.52,0
CUST_0435,13,2217.0,1,2,0,3,28.1,4.22,0
CUST_0436,21,2967.93,2,1,1,1,43.2,4.15,0
CUST_0437,1,1643.7,5,1,0,0,4.4,3.99,0
CUST_0438,16,2836.1,1,0,1,1,13.4,3.21,0
CUST_0439,7,1857.86,2,0,0,0,33.3,3.65,0
CUST_0440,5,1391.47,1,3,1,1,2.1,2.97,1
CUST_0441,22,1205.58,1,1,0,2,28.5,3.51,0
CUST_0442,23,2177.65,5,1,0,1,3.6,2.45,0
CUST_0443,3,1251.02,2,1,1,4,29.7,2.79,1
CUST_0444,12,1848.77,1,1,0,1,17.0,3.25,0
CUST_0445,16,2750.08,1,1,1,2,3.9,2.65,0
CUST_0446,19,1615.93,2,1,1,0,11.5,3.05,0
CUST_0447,5,2588.41,1,1,1,0,20.6,3.35,0
CUST_0448,22,1071.27,1,1,0,5,18.1,3.86,0
CUST_0449,14,1479.65,2,3,1,0,10.0,4.35,0
CUST_0450,5,955.71,1,2,1,0,41.3,3.08,1
CUST_0451,15,1843.8,1,1,1,1,13.2,4.7,0
CUST_0452,17,2268.05,1,0,1,0,12.7,4.34,0
CUST_0453,14,1845.11,2,0,1,1,1.2,3.95,0
CUST_0454,20,2536.23,2,0,0,1,45.9,3.64,0
CUST_0455,5,1350.49,2,4,0,3,3.5,3.79,1
CUST_0456,12,1935.21,3,3,0,1,13.5,4.57,0
CUST_0457,16,1483.52,2,3,0,1,29.3,4.6,0
CUST_0458,16,2017.01,2,0,1,3,4.4,4.7,0
CUST_0459,21,2102.24,2,1,1,2,13.5,3.54,0
CUST_0460,7,2149.44,1,3,0,3,5.0,4.0,0
CUST_0461,4,1157.64,1,2,2,1,25.7,4.71,1
CUST_0462,1,1266.15,3,2,1,0,15.0,2.94,1
CUST_0463,5,1377.43,2,1,2,0,34.9,3.21,1
CUST_0464,23,1656.67,2,2,1,1,40.5,3.51,0
CUST_0465,10,1852.31,1,0,1,6,18.8,4.31,0
CUST_0466,22,2224.85,3,1,0,0,23.3,4.32,0
CUST_0467,5,1291.14,2,0,0,5,14.3,3.29,0
CUST_0468,4,839.39,3,1,0,1,8.7,2.14,0
CUST_0469,2,3093.45,1,1,1,3,18.8,3.72,0
CUST_0470,20,1121.13,2,1,0,3,43.0,2.67,0
CUST_0471,10,2301.79,3,0,1,2,9.7,2.16,0
CUST_0472,19,1818.76,4,0,0,2,6.8,2.36,0
CUST_0473,1,1950.78,3,2,1,2,8.9,3.79,0
CUST_0474,5,1799.07,1,3,0,2,10.3,4.72,0
CUST_0475,13,1569.09,1,1,0,4,1.4,3.54,0
CUST_0476,4,2078.38,1,2,0,2,12.4,3.69,0
CUST_0477,16,1536.85,1,0,0,1,12.3,4.56,0
CUST_0478,16,2499.78,4,0,0,2,16.0,2.11,0
CUST_0479,23,2141.06,2,2,1,3,8.1,3.97,0
CUST_0480,2,2159.76,3,1,0,3,17.1,3.49,0
CUST_0481,17,1495.73,1,1,0,1,37.9,4.01,0
CUST_0482,20,1658.19,1,1,1,3,56.0,3.06,1
CUST_0483,12,1087.25,2,2,0,3,15.8,2.76,0
CUST_0484,18,1588.19,4,2,2,1,0.8,3.63,0
CUST_0485,3,1178.05,4,1,2,1,62.7,4.98,1
CUST_0486,1,2587.84,1,3,0,0,22.0,4.27,0
CUST_0487,1,1830.32,2,1,0,1,7.4,3.04,0
CUST_0488,19,1902.3,1,1,0,2,2.9,2.29,0
CUST_0489,11,1664.91,2,0,1,4,2.8,1.99,0
CUST_0490,5,1918.55,5,1,1,3,3.3,4.68,0
CUST_0491,12,3278.93,1,0,1,1,0.8,2.64,0
CUST_0492,3,1619.92,2,3,1,3,41.8,3.21,1
CUST_0493,1,1409.75,2,1,0,4,14.0,4.69,0
CUST_0494,1,2117.82,1,0,1,2,21.7,2.05,1
CUST_0495,8,400.0,3,1,1,3,31.7,4.84,0
CUST_0496,10,1838.37,1,0,1,1,28.2,3.27,0
CUST_0497,11,1576.97,3,0,2,0,38.6,2.47,1
CUST_0498,12,1204.61,5,0,1,1,61.5,3.28,1
CUST_0499,13,2104.65,3,0,0,1,10.4,2.85,0
CUST_0500,12,1832.39,1,1,1,3,54.0,3.9,1
CUST_0501,14,718.55,1,0,1,1,23.1,2.92,0
CUST_0502,2,1412.08,1,0,0,4,1.3,1.78,0
CUST_0503,19,400.0,3,2,2,4,20.6,3.3,1
CUST_0504,18,1975.96,1,2,0,1,20.9,2.28,0
CUST_0505,3,1969.98,1,0,1,1,42.5,3.68,1
CUST_0506,23,1324.03,1,1,1,1,8.4,2.43,0
CUST_0507,17,2124.07,1,1,0,3,15.8,3.06,0
CUST_0508,8,1030.5,2,1,2,3,0.2,3.66,0
CUST_0509,10,1220.09,2,0,1,2,7.3,3.31,0
CUST_0510,2,2050.31,1,2,1,2,1.2,3.73,0
CUST_0511,19,1386.8,1,1,0,4,13.3,4.11,0
CUST_0512,9,1762.41,3,0,0,1,30.6,2.46,0
CUST_0513,7,1461.81,1,0,0,2,4.2,3.44,0
CUST_0514,4,1553.44,1,1,0,2,13.5,1.0,1
CUST_0515,21,1579.67,1,0,1,2,4.1,3.72,0
CUST_0516,18,1375.95,1,1,2,3,2.3,3.23,0
CUST_0517,13,1981.47,1,1,1,2,12.9,2.61,0
CUST_0518,11,1423.24,3,1,2,1,1.5,3.78,0
CUST_0519,4,1809.41,1,1,1,3,15.9,4.56,0
CUST_0520,21,1362.76,1,2,1,2,0.6,3.07,0
CUST_0521,4,879.42,1,0,1,2,2.0,2.65,0
CUST_0522,10,2347.46,4,2,1,4,14.4,3.65,0
CUST_0523,5,2099.72,2,1,1,0,16.1,2.3,1
CUST_0524,9,3173.21,1,2,0,5,0.5,2.91,0
CUST_0525,3,1173.62,3,2,0,1,15.3,4.6,0
CUST_0526,17,1674.62,1,0,1,1,32.8,3.56,0
CUST_0527,3,1722.9,1,3,1,2,23.1,1.81,1
CUST_0528,16,2393.62,1,0,2,1,2.5,1.88,0
CUST_0529,4,1495.74,3,2,2,1,16.2,3.65,1
CUST_0530,18,1097.37,1,1,0,0,20.1,4.28,0
CUST_0531,17,2524.69,1,1,1,1,0.7,2.04,0
CUST_0532,7,1610.01,1,5,0,1,34.8,3.9,1
CUST_0533,23,2327.19,3,1,1,1,42.6,4.7,0
CUST_0534,5,2257.32,1,1,1,1,34.2,5.0,0
CUST_0535,12,1782.07,1,3,0,0,31.3,3.8,0
CUST_0536,17,1695.41,3,0,1,3,24.6,3.96,0
CUST_0537,23,1565.06,2,1,1,1,18.1,1.58,0
CUST_0538,13,1790.88,2,1,0,2,20.4,5.0,0
CUST_0539,23,2317.86,3,1,1,1,29.6,2.98,0
CUST_0540,3,1322.14,4,2,1,1,19.6,2.66,1
CUST_0541,9,1865.31,1,0,2,1,7.1,3.27,0
CUST_0542,17,1128.82,2,0,0,1,8.5,4.86,0
CUST_0543,17,1203.54,2,2,0,4,40.9,5.0,0
CUST_0544,20,1781.44,2,1,1,5,0.3,3.61,0
CUST_0545,16,623.91,1,1,0,1,21.6,4.4,0
CUST_0546,22,3036.34,4,2,2,0,55.7,3.54,1
CUST_0547,13,1084.16,2,1,0,3,22.0,2.57,0
CUST_0548,19,1775.95,1,2,1,4,90.0,4.83,1
CUST_0549,17,2500.93,2,0,1,4,20.9,2.94,0
CUST_0550,4,1282.26,2,3,0,4,0.6,4.88,0
CUST_0551,12,418.38,1,0,0,3,31.6,4.67,0
CUST_0552,9,1533.03,1,3,1,2,6.0,4.05,0
CUST_0553,19,1275.11,2,0,1,0,10.6,5.0,0
CUST_0554,12,434.18,2,2,0,3,6.7,5.0,0
CUST_0555,9,1970.93,4,1,2,3,5.6,3.34,0
CUST_0556,7,1924.26,1,0,0,2,10.2,2.77,0
CUST_0557,14,2485.4,2,0,1,1,8.6,1.82,0
CUST_0558,20,1127.51,1,0,1,2,18.1,5.0,0
CUST_0559,19,840.52,1,1,0,1,30.2,3.1,0
CUST_0560,15,1555.97,1,1,2,0,6.3,4.52,0
CUST_0561,16,1746.99,2,0,0,4,4.3,2.83,0
CUST_0562,21,2352.81,1,0,0,1,19.8,4.88,0
CUST_0563,5,2646.34,2,1,0,4,20.0,2.87,0
CUST_0564,3,2528.69,2,0,1,2,41.7,2.43,1
CUST_0565,12,1965.93,1,3,1,1,0.3,3.31,0
CUST_0566,20,2279.7,5,0,1,3,34.5,3.02,0
CUST_0567,21,1415.7,3,1,0,2,13.2,4.04,0
CUST_0568,4,1901.04,1,1,0,1,17.5,3.45,0
CUST_0569,21,1085.23,1,1,1,0,1.7,4.06,0
CUST_0570,23,1837.61,2,3,0,0,10.2,3.24,0
CUST_0571,16,1853.19,1,2,1,4,4.6,2.9,0
CUST_0572,7,2833.28,1,3,0,4,5.3,2.97,1
CUST_0573,13,1662.61,1,2,1,3,12.6,5.0,0
CUST_0574,21,1854.03,1,1,0,1,30.1,3.7,0
CUST_0575,10,1942.18,2,3,1,1,24.5,1.71,1
CUST_0576,7,1527.11,4,0,0,4,16.1,3.03,0
CUST_0577,14,1318.5,1,2,0,1,14.0,3.59,0
CUST_0578,5,2579.29,3,0,0,3,10.0,5.0,0
CUST_0579,3,1211.45,4,2,0,1,64.8,4.43,1
CUST_0580,23,1003.25,1,1,0,3,14.8,2.67,0
CUST_0581,11,2208.16,2,1,1,2,5.3,5.0,0
CUST_0582,11,2494.69,1,0,1,2,4.7,3.47,0
CUST_0583,18,1529.15,3,1,1,3,17.0,4.62,0
CUST_0584,15,1538.37,3,0,1,3,13.3,2.46,0
CUST_0585,12,1969.53,2,1,1,2,0.1,1.34,0
CUST_0586,9,1375.29,4,2,0,1,31.9,2.23,1
CUST_0587,10,1330.97,2,1,1,1,21.9,1.0,1
CUST_0588,12,2327.76,3,0,0,2,19.5,5.0,0
CUST_0589,17,2164.28,1,1,1,2,1.3,3.69,0
CUST_0590,6,2586.7,3,2,0,3,8.1,2.67,0
CUST_0591,7,1048.45,1,0,0,0,49.3,3.91,0
CUST_0592,14,1498.52,1,0,1,4,35.7,3.67,0
CUST_0593,13,1968.71,5,1,0,3,6.1,4.06,0
CUST_0594,8,1244.63,2,1,2,0,3.1,4.59,0
CUST_0595,10,2185.01,1,2,1,2,10.7,3.24,0
CUST_0596,9,2534.78,1,2,0,0,7.9,2.71,0
CUST_0597,18,1449.99,1,1,0,2,20.6,4.24,0
CUST_0598,2,1823.16,4,1,1,1,61.1,4.22,1
CUST_0599,5,2673.37,1,4,1,4,8.1,3.59,1
CUST_0600,5,2879.56,3,3,0,1,1.2,5.0,0
CUST_0601,6,2247.48,2,2,1,0,41.0,3.11,1
CUST_0602,19,2156.06,1,1,1,2,0.7,2.69,0
CUST_0603,8,1287.76,3,0,0,2,54.9,3.88,0
CUST_0604,16,2015.53,3,0,0,1,19.7,2.89,0
CUST_0605,13,2134.09,4,1,1,2,51.2,3.95,1
CUST_0606,1,1673.78,3,2,0,3,4.0,2.75,1
CUST_0607,22,1443.13,1,1,1,2,0.7,3.14,0
CUST_0608,20,1031.22,1,0,0,1,12.1,5.0,0
CUST_0609,17,757.36,3,3,1,0,10.8,3.13,0
CUST_0610,7,631.27,1,1,1,2,7.2,2.78,0
CUST_0611,13,2147.67,1,0,1,2,56.9,4.55,0
CUST_0612,4,1888.62,3,0,0,1,31.1,2.55,0
CUST_0613,4,1509.71,3,0,0,3,19.5,2.88,0
CUST_0614,6,1601.13,3,1,1,1,3.2,4.02,0
CUST_0615,19,1926.28,2,2,1,4,23.9,4.34,0
CUST_0616,12,1701.26,2,0,0,3,23.4,4.6,0
CUST_0617,22,995.67,3,1,2,4,10.0,2.83,0
CUST_0618,7,2347.8,2,2,0,3,46.6,4.04,1
CUST_0619,10,1982.48,2,1,0,0,3.3,3.08,0
CUST_0620,19,1959.54,1,1,0,3,5.6,2.95,0
CUST_0621,7,2302.54,3,0,1,1,1.2,4.58,0
CUST_0622,3,1311.81,2,0,1,0,28.6,3.01,0
CUST_0623,13,2528.24,3,1,0,2,17.5,3.75,0
CUST_0624,13,1715.97,2,0,0,3,6.8,3.64,0
CUST_0625,18,2333.16,2,3,0,3,3.2,2.54,0
CUST_0626,20,2240.67,2,2,1,0,0.7,4.37,0
CUST_0627,8,1176.72,3,2,0,0,3.3,4.0,0
CUST_0628,9,2101.74,2,0,2,3,10.9,1.71,1
CUST_0629,7,1995.76,3,1,0,2,5.1,3.75,0
CUST_0630,1,1818.19,2,3,2,5,5.4,2.8,1
CUST_0631,3,1743.38,1,0,0,3,37.5,4.49,0
CUST_0632,13,1748.46,1,2,1,1,13.0,2.2,1
CUST_0633,17,2287.61,3,1,0,1,23.5,3.18,0
CUST_0634,1,2146.75,1,0,0,1,0.7,3.83,0
CUST_0635,6,1818.29,1,0,1,2,8.2,3.55,0
CUST_0636,21,904.84,3,0,1,0,11.7,4.19,0
CUST_0637,6,2096.67,2,0,0,4,3.7,2.13,0
CUST_0638,12,2234.17,2,1,1,0,2.3,4.99,0
CUST_0639,13,3180.25,1,2,1,2,36.8,3.97,1
CUST_0640,13,2445.26,2,3,1,2,50.5,4.72,1
CUST_0641,15,660.49,1,0,0,1,1.5,4.29,0
CUST_0642,21,1847.06,2,4,1,1,7.7,3.49,0
CUST_0643,16,2886.83,2,1,1,3,57.2,2.34,1
CUST_0644,22,2174.13,2,0,0,2,1.6,2.99,0
CUST_0645,21,1997.19,5,1,2,5,18.6,4.93,0
CUST_0646,11,2340.14,1,2,0,1,64.5,4.75,1
CUST_0647,5,1426.57,2,3,0,4,68.9,2.94,1
CUST_0648,4,2086.85,2,1,1,2,11.5,1.0,1
CUST_0649,3,1649.72,1,1,1,2,3.2,3.31,0
CUST_0650,19,1788.23,3,1,0,2,4.1,3.24,0
CUST_0651,20,2297.07,1,1,0,4,39.7,3.28,0
CUST_0652,18,1243.97,1,2,2,0,43.7,3.98,1
CUST_0653,15,2572.79,1,0,0,1,16.9,4.29,0
CUST_0654,9,1546.31,1,3,1,1,26.2,4.39,1
CUST_0655,17,1956.4,3,0,1,3,24.2,3.9,0
CUST_0656,14,959.7,1,4,1,1,19.5,1.88,1
CUST_0657,15,2231.9,1,1,2,1,31.6,3.19,1
CUST_0658,1,2667.9,1,1,1,3,20.8,5.0,0
CUST_0659,21,1491.22,1,0,1,2,13.7,3.84,0
CUST_0660,22,1133.87,1,2,1,6,4.9,3.83,0
CUST_0661,22,1966.79,1,2,1,4,24.5,3.82,0
CUST_0662,3,2672.89,1,2,1,1,11.5,3.87,0
CUST_0663,16,930.09,2,1,2,1,6.3,1.36,1
CUST_0664,23,1136.22,1,3,0,1,29.1,3.28,0
CUST_0665,11,1527.49,3,3,0,2,21.5,3.47,0
CUST_0666,12,1307.79,1,2,0,2,49.9,4.65,0
CUST_0667,10,1309.69,6,1,0,7,3.3,3.54,0
CUST_0668,16,543.53,1,1,0,3,18.9,2.02,0
CUST_0669,8,2153.43,1,1,1,1,5.0,3.89,0
CUST_0670,6,2003.23,1,1,1,1,42.1,2.78,1
CUST_0671,12,780.69,1,0,1,1,1.9,2.4,0
CUST_0672,21,2674.32,1,3,1,1,19.2,2.75,1
CUST_0673,8,2808.66,3,3,1,2,28.2,3.99,1
CUST_0674,4,1349.46,1,3,1,2,7.9,4.63,0
CUST_0675,8,2499.93,1,0,1,1,55.5,3.93,1
CUST_0676,18,1456.2,1,1,0,3,34.2,4.07,0
CUST_0677,5,1908.67,3,0,2,1,6.3,3.93,0
CUST_0678,9,1298.54,1,0,1,0,0.1,3.59,0
CUST_0679,4,3128.55,1,1,0,2,6.3,4.13,0
CUST_0680,22,1622.39,1,1,1,5,5.9,1.32,0
CUST_0681,17,1875.87,1,1,1,2,39.7,3.6,0
CUST_0682,9,1387.24,3,0,0,2,61.5,2.56,1
CUST_0683,1,2916.79,1,2,1,1,1.3,4.55,0
CUST_0684,21,2931.97,1,1,0,3,11.5,3.37,0
CUST_0685,20,2778.56,5,3,0,1,14.3,3.53,0
CUST_0686,13,2373.86,1,1,2,1,1.8,2.15,0
CUST_0687,16,1425.13,2,2,1,2,8.5,4.42,0
CUST_0688,13,2296.71,3,1,1,3,6.9,4.06,0
CUST_0689,14,1795.77,1,1,1,1,13.8,4.0,0
CUST_0690,3,2587.45,2,1,0,4,19.5,2.77,1
CUST_0691,6,2469.54,3,2,1,3,21.9,2.8,1
CUST_0692,18,1410.44,2,1,1,3,2.6,3.7,0
CUST_0693,19,2368.7,1,1,2,2,30.2,2.87,1
CUST_0694,5,2209.22,3,2,0,4,20.4,3.89,0
CUST_0695,15,400.0,2,2,1,3,39.6,1.56,1
CUST_0696,2,2280.56,1,0,2,2,10.7,3.06,1
CUST_0697,10,1540.92,1,2,1,3,40.4,5.0,0
CUST_0698,18,1268.37,1,0,2,2,36.1,3.9,0
CUST_0699,13,1294.04,1,0,0,1,10.4,3.65,0
CUST_0700,5,1718.85,1,1,2,2,8.6,5.0,0
CUST_0701,23,2088.04,1,2,1,4,48.6,1.4,1
CUST_0702,1,980.72,2,1,0,3,22.6,2.77,1
CUST_0703,22,1913.91,2,1,2,5,47.4,3.14,1
CUST_0704,1,2146.05,3,2,1,2,28.7,4.27,1
CUST_0705,18,2917.08,1,0,1,0,16.9,4.29,0
CUST_0706,15,1153.99,2,1,1,1,2.2,2.72,0
CUST_0707,17,1590.23,4,2,0,1,6.2,4.4,0
CUST_0708,11,1957.0,1,3,1,0,62.4,3.14,1
CUST_0709,21,2488.45,1,0,1,0,6.9,4.59,0
CUST_0710,22,1617.47,2,0,0,4,1.8,2.57,0
CUST_0711,17,2519.18,1,1,0,2,22.1,3.39,0
CUST_0712,13,637.58,3,1,0,4,23.8,3.06,0
CUST_0713,1,1047.99,4,1,0,1,6.1,4.45,0
CUST_0714,2,2009.19,2,0,1,1,6.4,3.03,0
CUST_0715,9,953.51,6,1,1,1,11.4,3.46,0
CUST_0716,3,1095.32,1,1,2,6,0.4,3.96,1
CUST_0717,1,1483.33,2,1,1,2,28.0,3.99,1
CUST_0718,21,2262.86,3,0,0,2,6.9,4.3,0
CUST_0719,16,662.42,2,0,2,3,34.6,3.69,0
CUST_0720,23,1902.18,2,2,1,6,29.2,3.12,1
CUST_0721,6,2419.78,2,0,1,4,19.5,3.19,0
CUST_0722,17,1683.03,4,1,1,2,7.1,3.52,0
CUST_0723,5,1578.7,2,2,2,1,13.1,3.72,1
CUST_0724,5,2041.06,1,0,1,2,10.6,3.37,0
CUST_0725,6,1684.73,1,2,0,2,7.4,3.52,0
CUST_0726,3,2634.3,1,1,1,1,33.9,2.13,1
CUST_0727,21,1133.15,2,0,0,0,11.9,4.1,0
CUST_0728,23,1769.01,2,1,0,0,32.2,3.66,0
CUST_0729,5,1923.41,5,2,0,1,2.0,4.4,0
CUST_0730,21,1572.93,2,0,0,2,2.7,3.5,0
CUST_0731,5,400.0,1,1,0,4,68.2,1.94,1
CUST_0732,10,1703.46,2,1,0,0,16.0,3.18,0
CUST_0733,10,2340.11,2,1,1,4,12.8,3.32,0
CUST_0734,19,2266.87,2,0,1,5,13.3,4.17,0
CUST_0735,17,2012.87,2,0,2,2,4.4,1.64,0
CUST_0736,21,1141.28,1,0,0,1,22.8,3.54,0
CUST_0737,14,2037.19,3,1,1,2,1.6,3.96,0
CUST_0738,9,1455.94,1,0,2,1,15.3,2.9,0
CUST_0739,14,2012.09,2,0,0,1,15.2,3.57,0
CUST_0740,1,1872.9,5,3,1,2,44.2,2.94,1
CUST_0741,19,1214.17,1,1,1,0,13.4,2.84,0
CUST_0742,13,1264.53,1,2,0,0,2.7,3.13,0
CUST_0743,13,2013.01,1,0,1,3,15.3,2.86,0
CUST_0744,4,1667.33,2,0,1,2,1.7,4.12,0
CUST_0745,1,1295.83,4,2,0,2,4.1,2.84,0
CUST_0746,17,1246.3,2,0,0,0,0.6,2.69,0
CUST_0747,8,1617.7,3,2,0,1,13.0,5.0,0
CUST_0748,2,2740.86,2,1,0,0,1.6,4.36,0
CUST_0749,8,1484.35,1,3,1,1,11.4,1.82,1
CUST_0750,7,1791.59,1,2,1,0,48.6,2.81,1
CUST_0751,2,1860.99,2,1,0,2,22.9,3.72,0
CUST_0752,22,1121.38,1,2,2,3,1.5,3.79,0
CUST_0753,22,742.3,3,1,0,2,4.6,2.16,0
CUST_0754,3,1184.02,2,1,0,5,20.2,4.54,0
CUST_0755,18,1948.25,1,0,0,4,40.5,4.24,0
CUST_0756,12,1852.4,1,1,1,2,0.6,3.93,0
CUST_0757,1,2221.44,3,1,0,1,30.1,4.72,0
CUST_0758,22,1858.05,3,2,0,2,14.9,3.91,0
CUST_0759,12,1734.27,2,0,0,1,14.2,3.9,0
CUST_0760,5,1437.59,1,2,1,2,57.0,4.9,1
CUST_0761,17,2330.76,2,1,2,3,24.8,4.49,0
CUST_0762,16,1248.49,2,1,0,2,34.2,2.74,0
CUST_0763,15,1133.76,1,0,0,0,7.9,4.07,0
CUST_0764,23,2140.23,1,0,1,3,14.5,2.9,0
CUST_0765,15,1000.11,1,0,1,7,17.2,3.95,0
CUST_0766,5,3248.87,1,0,0,2,7.0,3.93,0
CUST_0767,21,1848.0,1,1,2,2,15.2,2.25,0
CUST_0768,14,2008.74,2,0,1,2,4.9,3.39,0
CUST_0769,2,1314.95,1,0,1,2,2.8,3.74,0
CUST_0770,11,1610.84,2,2,1,2,8.4,3.11,0
CUST_0771,19,1543.95,1,1,2,1,24.2,3.78,0
CUST_0772,7,1474.9,1,1,1,1,44.6,4.23,0
CUST_0773,6,2179.78,1,3,0,3,11.0,3.47,0
CUST_0774,2,1530.25,6,2,0,3,18.5,3.7,0
CUST_0775,6,2410.5,2,1,1,2,2.0,4.75,0
CUST_0776,18,3397.91,2,0,0,2,42.3,3.93,0
CUST_0777,2,1622.68,1,0,1,2,15.1,3.68,0
CUST_0778,18,1891.39,3,1,1,0,27.3,2.64,0
CUST_0779,15,2027.69,1,1,1,3,28.5,4.1,0
CUST_0780,19,2886.9,3,1,2,2,5.3,3.8,0
CUST_0781,2,1750.41,1,1,0,2,13.6,4.66,0
CUST_0782,20,1302.59,3,0,1,1,58.2,3.54,0
CUST_0783,6,1040.2,3,1,1,3,1.7,1.87,1
CUST_0784,1,1765.21,3,2,0,5,20.7,1.97,1
CUST_0785,15,1530.97,3,2,1,0,59.0,4.16,1
CUST_0786,23,3006.01,1,2,0,0,6.4,2.99,0
CUST_0787,10,2861.92,3,0,1,1,35.6,3.89,0
CUST_0788,19,1179.38,1,2,1,2,48.8,3.6,1
CUST_0789,17,1373.54,1,0,0,2,24.7,3.35,0
CUST_0790,5,1844.26,1,1,1,1,4.7,3.41,0
CUST_0791,4,2638.34,1,2,1,5,7.3,2.72,1
CUST_0792,10,1834.21,1,3,0,0,0.7,3.49,0
CUST_0793,17,1411.66,2,2,0,1,32.0,2.97,0
CUST_0794,10,1764.67,1,0,1,2,34.1,3.16,0
CUST_0795,17,1422.91,2,0,1,2,18.0,3.21,0
CUST_0796,20,2161.49,1,2,1,3,7.8,3.3,0
CUST_0797,5,1374.58,3,2,2,0,1.4,4.33,0
CUST_0798,2,1493.74,3,1,1,2,25.2,3.38,1
CUST_0799,6,2497.16,1,1,1,0,23.3,4.42,0
CUST_0800,21,1338.98,4,1,1,1,43.9,4.88,0
CUST_0801,2,932.32,2,0,1,4,23.6,4.27,0
CUST_0802,13,1857.0,3,1,0,6,31.8,3.98,0
CUST_0803,11,1583.72,2,1,0,0,24.7,3.79,0
CUST_0804,11,2106.85,1,1,1,3,17.9,4.28,0
CUST_0805,16,1990.48,3,1,0,0,10.0,3.58,0
CUST_0806,11,1780.85,3,3,1,0,41.8,4.39,1
CUST_0807,19,1763.37,1,1,1,1,18.9,4.05,0
CUST_0808,15,1358.48,2,1,0,4,9.1,3.18,0
CUST_0809,23,1850.01,3,2,1,3,1.6,4.31,0
CUST_0810,23,2328.77,2,1,1,0,6.2,3.58,0
CUST_0811,16,1215.93,1,3,1,0,14.1,3.4,0
CUST_0812,11,1796.76,1,0,0,0,5.8,3.07,0
CUST_0813,22,2423.03,1,2,0,2,4.5,3.65,0
CUST_0814,16,2103.25,2,2,1,4,13.5,4.4,0
CUST_0815,8,2585.68,3,0,1,2,3.4,4.3,0
CUST_0816,4,1459.11,2,0,0,3,29.0,3.82,0
CUST_0817,8,701.54,2,2,0,0,11.9,4.04,0
CUST_0818,4,1920.39,2,3,2,3,15.4,4.64,1
CUST_0819,3,2017.54,4,1,1,5,2.9,3.37,0
CUST_0820,3,2621.05,3,2,2,2,7.1,2.5,1
CUST_0821,18,2512.89,2,1,1,4,9.5,4.67,0
CUST_0822,19,2122.05,2,1,2,2,29.7,3.02,1
CUST_0823,19,2259.23,3,1,0,3,26.5,2.88,0
CUST_0824,21,1684.91,2,0,1,1,4.5,1.88,0
CUST_0825,5,1068.53,2,1,0,1,17.2,4.01,0
CUST_0826,18,1870.63,2,0,1,1,5.0,2.04,0
CUST_0827,10,2389.54,1,1,1,5,80.0,2.82,1
CUST_0828,22,2193.82,2,0,0,2,54.7,4.03,0
CUST_0829,21,2300.28,1,1,1,3,14.9,4.15,0
CUST_0830,6,1543.35,2,3,1,0,21.6,2.91,1
CUST_0831,1,1640.67,2,0,0,1,29.1,3.38,0
CUST_0832,5,2090.06,4,0,1,3,23.0,2.71,1
CUST_0833,9,1472.1,1,3,0,2,21.7,3.01,1
CUST_0834,12,1490.57,2,0,0,1,57.3,3.74,0
CUST_0835,14,1978.79,1,1,1,1,16.3,3.05,0
CUST_0836,2,2256.54,1,0,0,1,18.2,3.28,0
CUST_0837,17,1680.28,1,3,2,1,34.1,2.18,1
CUST_0838,14,1102.09,2,2,0,1,19.9,4.52,0
CUST_0839,13,1358.52,1,2,1,2,23.8,3.96,0
CUST_0840,9,1922.2,1,4,1,2,4.8,4.21,0
CUST_0841,15,1914.91,3,0,0,0,8.4,4.66,0
CUST_0842,22,1944.74,2,1,0,1,2.9,2.76,0
CUST_0843,15,2112.78,4,2,1,1,12.7,3.18,0
CUST_0844,11,1803.49,2,1,1,4,10.9,1.79,1
CUST_0845,16,1959.03,1,2,0,1,90.0,5.0,1
CUST_0846,17,1772.98,1,2,1,1,17.0,3.37,0
CUST_0847,4,2489.24,1,0,0,0,27.8,4.43,0
CUST_0848,1,2659.41,1,2,0,0,7.3,2.39,0
CUST_0849,8,1086.59,1,0,1,1,32.1,4.4,0
CUST_0850,17,1646.85,1,2,0,4,17.2,5.0,0
CUST_0851,3,1819.63,2,0,1,1,21.5,3.45,0
CUST_0852,20,1639.85,1,2,1,1,6.3,2.59,0
CUST_0853,15,2875.75,3,1,2,1,14.3,3.38,0
CUST_0854,15,1934.37,2,2,1,1,18.1,1.5,1
CUST_0855,22,1316.78,2,3,2,1,16.0,3.47,0
CUST_0856,14,2157.87,1,1,1,0,44.4,4.24,0
CUST_0857,23,1962.58,2,1,1,1,41.1,3.47,0
CUST_0858,14,1982.52,1,1,2,1,63.7,3.24,1
CUST_0859,2,2884.73,3,1,1,3,19.8,3.97,0
CUST_0860,13,2010.47,2,3,0,5,64.3,4.04,1
CUST_0861,14,1617.8,2,1,1,7,32.2,2.01,1
CUST_0862,19,626.83,2,0,2,5,5.7,3.58,0
CUST_0863,7,1700.76,4,2,1,0,10.0,5.0,0
CUST_0864,3,2583.58,2,2,1,3,4.9,2.3,1
CUST_0865,15,1745.3,1,0,1,4,0.1,3.42,0
CUST_0866,23,455.97,2,1,2,1,3.7,5.0,0
CUST_0867,14,1500.98,2,0,0,1,0.1,4.49,0
CUST_0868,11,2395.61,2,1,1,4,22.9,3.04,1
CUST_0869,15,2127.49,1,1,0,1,10.0,3.69,0
CUST_0870,13,1296.07,1,1,1,0,6.7,3.5,0
CUST_0871,18,1460.83,2,3,1,1,25.8,2.83,1
CUST_0872,6,1553.57,3,0,0,2,32.2,3.43,0
CUST_0873,3,1402.37,4,1,0,0,66.6,3.25,1
CUST_0874,19,582.2,1,3,1,3,18.5,3.6,0
CUST_0875,15,2258.15,2,0,0,2,11.1,2.83,0
CUST_0876,23,2554.24,3,1,0,5,6.6,2.35,0
CUST_0877,5,888.93,3,0,1,3,4.5,3.46,0
CUST_0878,10,2546.31,2,1,0,3,4.3,5.0,0
CUST_0879,7,1738.19,2,1,1,1,9.5,3.57,0
CUST_0880,17,2535.08,1,4,2,2,86.4,3.2,1
CUST_0881,7,1822.77,1,1,0,4,0.0,4.18,0
CUST_0882,22,1881.33,1,0,0,2,4.0,3.36,0
CUST_0883,12,2023.46,1,1,1,1,3.8,5.0,0
CUST_0884,17,1325.96,2,1,1,2,22.7,3.5,0
CUST_0885,13,2516.8,3,1,2,5,7.8,4.13,0
CUST_0886,20,1127.17,3,0,2,3,11.0,2.82,0
CUST_0887,4,1558.76,1,0,1,1,2.9,3.95,0
CUST_0888,10,2114.56,2,0,0,4,9.3,3.75,0
CUST_0889,3,1494.48,1,0,0,0,2.0,3.45,0
CUST_0890,9,2266.52,2,1,0,2,13.7,3.05,0
CUST_0891,13,2625.52,1,1,0,2,1.9,2.93,0
CUST_0892,18,2407.53,1,2,1,2,28.1,3.75,0
CUST_0893,15,638.33,1,1,1,5,15.0,4.07,0
CUST_0894,4,1875.51,2,1,0,1,23.2,3.39,0
CUST_0895,15,2417.21,1,2,1,1,9.8,3.76,0
CUST_0896,22,1009.95,1,1,0,1,8.6,3.47,0
CUST_0897,2,2234.17,1,2,1,1,1.9,3.59,0
CUST_0898,15,2200.48,1,0,1,2,13.4,3.32,0
CUST_0899,8,1072.75,4,2,1,3,13.0,3.52,0
CUST_0900,8,2300.54,1,0,1,3,11.4,5.0,0
CUST_0901,17,1963.62,4,2,0,2,24.3,3.78,0
CUST_0902,12,2190.23,2,1,0,1,32.2,4.08,0
CUST_0903,19,1220.21,1,1,1,1,25.0,3.89,0
CUST_0904,10,1890.08,1,3,2,4,2.8,3.26,1
CUST_0905,9,777.07,2,0,0,2,17.5,4.66,0
CUST_0906,5,433.81,2,1,1,1,1.5,3.24,0
CUST_0907,6,1884.5,3,2,1,1,21.4,4.45,0
CUST_0908,20,2460.36,3,0,2,5,8.7,3.2,0
CUST_0909,2,1951.76,2,0,0,1,2.6,2.64,0
CUST_0910,13,1761.93,1,3,1,2,35.7,3.83,1
CUST_0911,6,1687.48,4,1,1,4,17.1,2.51,1
CUST_0912,5,1234.46,1,0,1,2,7.9,3.98,0
CUST_0913,1,1666.88,1,1,0,2,0.6,2.43,0
CUST_0914,21,2053.01,1,0,1,1,13.9,3.21,0
CUST_0915,22,1538.87,1,2,0,1,46.2,2.21,1
CUST_0916,21,2250.35,1,1,1,1,16.3,5.0,0
CUST_0917,6,1917.59,1,4,1,2,64.1,2.01,1
CUST_0918,6,1990.19,3,1,1,2,2.6,3.51,0
CUST_0919,23,2333.2,3,1,1,0,15.1,4.53,0
CUST_0920,16,1483.95,4,1,0,3,28.8,4.43,0
CUST_0921,4,2195.63,1,2,0,3,13.4,4.27,0
CUST_0922,11,1568.11,1,1,1,1,1.7,3.21,0
CUST_0923,23,2003.71,1,0,0,3,15.7,4.72,0
CUST_0924,9,1412.54,1,2,1,4,17.0,4.32,0
CUST_0925,23,1253.58,2,1,0,4,23.5,3.69,0
CUST_0926,3,1855.12,1,0,1,2,25.8,3.72,0
CUST_0927,19,668.88,1,2,1,1,26.5,3.23,0
CUST_0928,8,1622.24,3,1,0,0,19.6,2.68,0
CUST_0929,5,836.17,4,1,0,3,4.4,4.61,0
CUST_0930,4,2267.54,1,0,1,2,9.3,4.68,0
CUST_0931,6,2430.07,1,0,1,0,26.9,2.7,0
CUST_0932,2,1281.63,1,1,1,5,55.2,3.36,1
CUST_0933,20,2056.99,1,3,2,4,1.5,3.37,0
CUST_0934,11,2339.48,4,1,2,1,13.8,3.47,0
CUST_0935,4,2341.48,2,1,0,4,6.7,3.56,0
CUST_0936,15,1928.67,2,5,2,3,4.6,4.35,1
CUST_0937,6,2240.58,2,3,0,4,12.7,2.83,1
CUST_0938,22,1410.4,5,3,0,3,16.8,2.74,0
CUST_0939,17,1849.87,3,2,2,1,0.2,4.61,0
CUST_0940,6,1519.74,4,2,0,3,27.3,3.08,1
CUST_0941,19,1359.73,3,1,0,2,30.9,2.36,0
CUST_0942,2,1821.64,1,1,0,2,60.6,3.06,1
CUST_0943,15,2008.52,3,0,1,2,3.6,3.2,0
CUST_0944,11,2498.11,1,3,1,1,16.2,4.9,0
CUST_0945,8,1959.09,1,1,1,5,10.0,4.33,0
CUST_0946,19,2185.16,3,1,2,4,7.3,4.53,0
CUST_0947,13,2191.97,3,1,1,1,15.0,4.24,0
CUST_0948,12,3412.52,1,0,0,3,27.5,4.35,0
CUST_0949,5,713.98,1,1,2,3,0.4,2.88,1
CUST_0950,6,1387.24,4,0,0,4,62.8,3.32,1
CUST_0951,22,2684.43,1,3,0,1,29.9,2.61,0
CUST_0952,4,1588.79,2,3,0,1,25.0,3.31,1
CUST_0953,19,2331.48,3,3,1,2,25.7,4.12,0
CUST_0954,20,1938.01,1,0,0,1,8.9,3.62,0
CUST_0955,1,3063.12,1,0,0,1,25.1,4.68,0
CUST_0956,20,1132.17,3,0,0,0,8.8,2.47,0
CUST_0957,17,2533.08,2,1,0,2,41.2,3.95,0
CUST_0958,12,2849.75,1,0,1,2,3.5,2.38,0
CUST_0959,15,1191.35,2,0,1,1,6.2,3.58,0
CUST_0960,1,2269.72,1,0,1,1,14.4,4.17,0
CUST_0961,14,1220.7,1,0,0,3,6.9,3.31,0
CUST_0962,6,1818.1,2,2,0,2,9.9,4.0,0
CUST_0963,5,1646.05,1,1,2,1,12.2,2.64,1
CUST_0964,11,400.0,2,0,0,1,34.9,2.0,0
CUST_0965,4,2054.54,2,3,2,1,13.3,4.0,1
CUST_0966,13,1886.0,1,0,0,2,8.1,5.0,0
CUST_0967,11,2687.45,4,3,2,4,5.1,2.6,1
CUST_0968,3,2166.69,1,3,0,1,9.5,4.6,0
CUST_0969,1,3174.53,1,3,1,0,13.1,3.54,1
CUST_0970,6,1864.23,1,2,1,1,24.7,2.3,1
CUST_0971,18,1736.68,4,2,1,2,2.3,2.48,0
CUST_0972,10,1689.39,1,2,0,0,4.5,3.51,0
CUST_0973,5,1536.25,4,3,1,3,8.6,3.14,1
CUST_0974,23,475.35,1,1,1,1,8.0,2.32,0
CUST_0975,10,1667.88,3,1,0,1,8.9,1.98,0
CUST_0976,12,559.29,2,2,0,7,28.4,2.74,1
CUST_0977,2,2071.22,1,0,1,1,7.1,3.67,0
CUST_0978,13,1055.96,1,2,0,1,12.5,3.49,0
CUST_0979,8,1263.4,1,3,1,0,17.6,3.05,1
CUST_0980,2,1398.35,2,1,0,5,4.8,3.68,0
CUST_0981,20,1677.04,3,1,1,1,22.8,4.44,0
CUST_0982,1,1804.12,1,3,0,2,14.3,3.85,1
CUST_0983,5,2450.69,1,0,1,0,10.7,3.39,0
CUST_0984,9,1453.48,3,0,0,2,29.9,4.34,0
CUST_0985,17,2088.09,3,2,0,2,5.0,2.64,0
CUST_0986,9,3438.52,1,3,0,4,38.6,3.3,1
CUST_0987,11,2026.41,1,2,2,2,14.8,3.32,1
CUST_0988,15,1691.71,3,0,0,2,16.9,2.39,0
CUST_0989,6,1332.51,2,1,1,2,37.4,3.12,1
CUST_0990,23,1683.4,4,1,0,0,30.6,1.63,0
CUST_0991,3,1268.27,1,1,0,5,16.6,5.0,0
CUST_0992,17,1961.2,1,1,1,1,25.2,2.66,0
CUST_0993,5,1862.13,1,0,1,6,10.2,4.93,0
CUST_0994,12,502.67,1,1,2,3,14.3,3.53,0
CUST_0995,18,1788.87,2,1,2,3,1.2,4.01,0
CUST_0996,14,2445.69,1,3,1,2,1.7,3.06,0
CUST_0997,21,1560.53,1,0,1,1,31.8,3.69,0
CUST_0998,11,1408.26,1,0,1,5,1.1,4.09,0
CUST_0999,9,973.38,1,0,0,0,3.3,4.1,0
CUST_1000,2,685.2,3,0,2,2,28.6,4.2,0
CUST_1001,12,2298.81,3,1,1,3,0.0,3.17,0
CUST_1002,3,1691.11,1,1,1,1,6.0,3.07,0
CUST_1003,3,2263.21,5,1,0,2,15.8,2.07,1
CUST_1004,1,2718.79,5,0,0,1,16.3,3.97,0
CUST_1005,8,2352.75,1,1,2,2,27.0,4.47,0
CUST_1006,22,1474.58,4,0,0,1,12.7,4.95,0
CUST_1007,8,1886.92,1,2,1,1,12.8,3.77,0
CUST_1008,11,1431.14,3,0,0,4,23.3,2.81,0
CUST_1009,9,1375.03,2,4,1,3,12.4,1.97,1
CUST_1010,5,2005.69,1,0,0,3,16.9,4.44,0
CUST_1011,14,1300.62,2,1,1,1,41.1,1.88,1
CUST_1012,3,474.51,2,2,0,1,9.2,3.19,0
CUST_1013,21,1267.11,1,4,2,3,8.8,3.3,1
CUST_1014,5,1615.87,2,0,1,5,0.1,3.44,0
CUST_1015,5,2712.84,2,2,0,1,17.1,3.53,0
CUST_1016,19,1505.44,2,1,1,5,0.5,3.62,0
CUST_1017,14,2107.15,1,0,0,1,12.6,1.33,0
CUST_1018,4,1699.02,4,1,0,2,29.4,3.51,0
CUST_1019,13,2535.84,3,1,1,2,14.4,1.49,1
CUST_1020,10,2494.26,2,1,0,1,5.7,4.16,0
CUST_1021,18,2505.71,2,1,0,2,27.8,3.0,0
CUST_1022,8,759.61,1,0,0,2,5.7,1.56,0
CUST_1023,8,1924.03,2,1,0,2,23.8,2.77,0
CUST_1024,7,2255.36,1,2,1,2,17.0,2.99,1
CUST_1025,8,2028.92,3,2,0,3,3.4,4.57,0
CUST_1026,14,2181.96,1,0,2,0,42.4,3.68,0
CUST_1027,19,1835.01,2,2,2,4,4.0,3.81,0
CUST_1028,6,1353.13,1,1,0,1,82.2,4.56,1
CUST_1029,1,781.74,1,2,0,0,0.1,3.41,0
CUST_1030,23,1412.66,4,1,1,1,5.5,4.18,0
CUST_1031,15,3406.87,2,0,0,0,4.0,4.12,0
CUST_1032,1,1508.61,2,2,0,1,0.3,2.34,0
CUST_1033,17,624.37,3,2,0,1,23.7,4.83,0
CUST_1034,1,2239.59,4,2,1,2,21.3,2.22,1
CUST_1035,15,2313.28,2,5,1,2,28.3,4.33,1
CUST_1036,23,2572.39,1,2,0,0,5.3,2.13,0
CUST_1037,2,2082.59,1,0,0,2,10.6,4.04,0
CUST_1038,14,2307.36,1,2,2,2,19.4,5.0,0
CUST_1039,21,2904.13,2,3,1,3,10.4,3.31,0
CUST_1040,8,1352.72,2,1,1,5,21.5,3.27,1
CUST_1041,8,1233.69,1,0,1,2,18.1,4.05,0
CUST_1042,19,1143.25,5,1,1,1,2.2,3.2,0
CUST_1043,7,1640.54,1,3,1,2,27.3,5.0,0
CUST_1044,19,2660.05,1,0,0,0,23.0,3.67,0
CUST_1045,6,2116.84,2,0,0,5,19.2,3.21,0
CUST_1046,6,2093.22,1,1,1,1,3.0,3.01,0
CUST_1047,3,708.42,2,0,0,1,5.6,2.66,0
CUST_1048,7,1384.09,2,1,2,1,9.0,2.94,1
CUST_1049,19,698.61,1,1,0,2,5.9,3.18,0
CUST_1050,8,2502.75,1,0,2,1,4.7,3.06,0
CUST_1051,10,2751.39,2,0,2,3,29.5,2.91,1
CUST_1052,20,2267.74,3,1,0,4,18.3,5.0,0
CUST_1053,15,1207.93,1,3,1,2,15.0,2.57,1
CUST_1054,15,2689.21,3,1,1,2,4.6,3.63,0
CUST_1055,1,1648.05,4,2,2,2,45.0,4.03,1
CUST_1056,20,1071.32,2,1,1,2,3.8,4.07,0
CUST_1057,7,1221.36,1,0,1,1,28.5,3.45,0
CUST_1058,4,1541.91,3,0,1,2,61.2,3.28,1
CUST_1059,6,1829.75,2,1,0,2,23.4,3.91,0
CUST_1060,1,1703.19,1,0,0,2,89.0,3.74,1
CUST_1061,5,952.4,3,1,1,5,19.0,3.27,1
CUST_1062,23,2527.99,1,1,1,2,4.4,2.09,0
CUST_1063,1,1709.64,3,0,1,3,4.1,3.08,0
CUST_1064,4,1371.75,1,1,1,0,7.1,2.47,0
CUST_1065,22,2466.18,3,1,0,2,0.1,2.9,0
CUST_1066,2,1089.96,1,1,1,2,20.6,3.53,1
CUST_1067,10,822.67,2,2,0,1,5.6,3.82,0
CUST_1068,5,2563.49,2,1,1,2,30.4,5.0,0
CUST_1069,10,2934.83,3,1,2,1,8.0,3.02,0
CUST_1070,1,1522.74,1,1,0,2,11.8,4.2,0
CUST_1071,22,1772.42,4,2,0,4,60.7,3.78,1
CUST_1072,6,1112.0,1,2,0,3,5.0,4.67,0
CUST_1073,13,1803.3,1,0,1,1,23.0,4.02,0
CUST_1074,15,1514.58,1,3,1,3,25.3,2.59,1
CUST_1075,4,1738.72,3,0,1,3,4.5,1.95,0
CUST_1076,13,2045.56,1,1,0,4,12.5,3.78,0
CUST_1077,20,1141.11,2,0,1,3,7.8,3.02,0
CUST_1078,15,1582.91,1,0,1,1,26.6,2.62,0
CUST_1079,8,717.73,2,1,0,2,17.5,2.36,0
CUST_1080,5,1587.01,2,0,1,2,11.6,3.64,0
CUST_1081,15,1743.94,4,1,0,2,27.2,4.86,0
CUST_1082,4,1937.39,4,0,1,3,4.8,3.13,0
CUST_1083,12,1943.75,3,0,2,2,25.2,4.03,0
CUST_1084,13,2342.35,4,1,0,0,36.1,3.41,0
CUST_1085,2,876.2,1,0,1,1,38.0,2.34,1
CUST_1086,19,908.23,3,2,1,1,27.6,4.16,0
CUST_1087,19,2117.37,1,1,0,1,9.4,2.51,0
CUST_1088,4,576.62,1,1,1,1,72.1,3.52,1
CUST_1089,4,1909.98,1,0,1,3,8.6,3.19,0
CUST_1090,11,1091.82,4,1,0,0,18.3,4.3,0
CUST_1091,5,2743.69,2,2,0,2,3.2,2.55,0
CUST_1092,20,1950.27,1,1,0,1,70.8,3.85,0
CUST_1093,11,1668.51,3,0,0,2,21.9,2.74,0
CUST_1094,10,2536.63,1,2,0,1,25.2,3.04,0
CUST_1095,8,1161.96,1,4,0,1,1.2,1.0,1
CUST_1096,6,1275.95,2,2,0,1,25.9,5.0,0
CUST_1097,6,1043.13,2,0,2,2,26.8,4.0,0
CUST_1098,8,1280.98,1,4,0,2,20.1,2.81,1
CUST_1099,23,1836.67,4,0,1,2,6.2,2.49,0
CUST_1100,15,2096.37,1,0,1,2,12.1,3.05,0
CUST_1101,14,2376.85,2,0,1,1,2.1,4.15,0
CUST_1102,11,705.17,3,3,0,1,11.5,1.8,1
CUST_1103,12,1696.88,1,0,2,2,5.0,3.37,0
CUST_1104,13,1135.1,2,0,1,2,7.7,5.0,0
CUST_1105,8,1676.83,1,0,1,3,3.2,2.48,0
CUST_1106,18,3200.5,3,1,0,2,4.7,3.57,0
CUST_1107,1,1975.12,1,0,0,1,1.4,5.0,0
CUST_1108,15,2339.68,2,1,1,2,45.4,4.07,0
CUST_1109,8,2976.41,2,1,0,2,13.6,3.61,0
CUST_1110,11,2476.41,1,1,1,2,9.1,3.96,0
CUST_1111,12,1531.25,2,1,0,2,13.8,3.14,0
CUST_1112,12,1034.5,5,2,1,2,17.8,4.67,0
CUST_1113,4,1781.91,2,2,2,1,45.9,3.14,1
CUST_1114,16,1459.38,3,0,1,0,3.5,1.74,0
CUST_1115,4,885.29,1,1,1,1,6.3,3.15,0
CUST_1116,5,1944.55,2,0,1,5,67.0,2.63,1
CUST_1117,5,1959.53,2,1,1,4,8.4,3.25,0
CUST_1118,8,2861.47,1,0,2,3,0.4,3.27,0
CUST_1119,10,1582.94,2,2,2,2,2.9,4.58,0
CUST_1120,17,1968.07,1,2,1,2,0.5,4.13,0
CUST_1121,9,1400.71,1,1,0,2,82.8,3.74,1
CUST_1122,22,2323.9,2,3,1,2,5.9,3.5,0
CUST_1123,19,1725.23,1,2,0,0,46.3,2.55,1
CUST_1124,14,1096.45,2,2,1,1,90.0,1.54,1
CUST_1125,8,1791.92,1,2,1,1,16.5,3.6,0
CUST_1126,9,2034.31,1,1,1,0,0.6,4.22,0
CUST_1127,22,1953.16,1,2,2,4,1.5,3.4,0
CUST_1128,11,2427.54,2,1,0,2,11.8,3.02,0
CUST_1129,23,931.17,1,1,0,0,9.4,3.92,0
CUST_1130,1,1294.35,1,1,1,2,16.8,3.43,0
CUST_1131,14,2183.87,2,0,0,0,10.4,5.0,0
CUST_1132,5,1364.84,2,0,1,3,48.9,4.61,0
CUST_1133,21,1944.28,1,0,0,2,13.8,4.36,0
CUST_1134,14,400.0,1,2,0,1,21.3,4.18,0
CUST_1135,4,3429.57,1,3,2,1,40.8,2.34,1
CUST_1136,22,1638.17,3,1,0,3,2.9,4.1,0
CUST_1137,23,2516.37,2,2,1,3,4.7,3.84,0
CUST_1138,1,1597.86,3,1,0,3,2.0,4.05,0
CUST_1139,22,2048.82,1,2,2,0,2.7,3.94,0
CUST_1140,23,2695.15,1,1,1,0,12.9,3.91,0
CUST_1141,19,2499.48,1,3,0,3,7.0,5.0,0
CUST_1142,8,1677.33,4,0,0,3,9.9,3.43,0
CUST_1143,15,1718.85,1,0,1,1,72.8,4.34,0
CUST_1144,21,2402.14,1,0,0,4,3.1,3.08,0
CUST_1145,15,3199.95,2,1,1,0,14.0,4.21,0
CUST_1146,9,1915.37,1,2,0,1,1.9,4.35,0
CUST_1147,21,2974.24,1,0,0,3,6.9,3.83,0
CUST_1148,9,1655.15,4,0,1,2,13.5,5.0,0
CUST_1149,10,2371.18,1,1,0,2,52.7,2.7,1
CUST_1150,20,2460.69,2,0,1,1,8.9,3.06,0
CUST_1151,21,1554.02,2,2,0,4,1.2,3.69,0
CUST_1152,9,1351.75,3,1,0,2,8.8,4.29,0
CUST_1153,3,2487.23,1,2,2,2,2.8,3.66,1
CUST_1154,20,1481.07,1,1,1,1,4.7,4.66,0
CUST_1155,11,1263.39,2,0,1,4,17.3,2.9,0
CUST_1156,6,1389.62,1,1,0,5,1.3,2.47,0
CUST_1157,2,1478.63,1,1,1,2,11.2,3.78,0
CUST_1158,7,2313.97,1,1,1,2,16.9,3.43,0
CUST_1159,18,2109.03,3,1,0,0,9.9,3.99,0
CUST_1160,2,2229.39,1,0,1,3,0.3,3.48,0
CUST_1161,17,2052.83,1,3,1,2,76.2,3.19,1
CUST_1162,11,1443.7,1,0,0,5,8.2,3.43,0
CUST_1163,12,2218.26,3,2,1,6,27.1,3.53,1
CUST_1164,19,2509.47,1,1,1,3,7.1,3.23,0
CUST_1165,22,2150.7,2,5,0,3,11.6,3.32,0
CUST_1166,7,2069.79,1,1,0,3,8.9,3.14,0
CUST_1167,20,1339.77,1,1,0,2,7.5,4.27,0
CUST_1168,6,1927.09,3,1,0,3,0.4,3.67,0
CUST_1169,21,1307.86,1,2,1,2,8.0,5.0,0
CUST_1170,1,1785.58,5,1,1,0,39.6,3.64,1
CUST_1171,17,815.84,2,1,2,2,21.1,3.0,0
CUST_1172,11,820.46,1,1,0,2,2.8,5.0,0
CUST_1173,22,1685.37,4,0,0,2,16.1,3.87,0
CUST_1174,18,1470.94,2,1,1,2,40.1,4.39,0
CUST_1175,21,1864.07,1,1,1,1,21.7,4.03,0
CUST_1176,17,1719.14,1,1,1,2,2.9,4.06,0
CUST_1177,7,1818.11,1,1,0,5,36.4,3.98,0
CUST_1178,17,2165.16,2,1,0,1,6.5,2.51,0
CUST_1179,20,1522.04,1,2,0,0,10.9,3.83,0
CUST_1180,9,1668.33,1,0,2,2,13.4,2.31,1
CUST_1181,17,2673.01,2,0,0,0,34.2,3.34,0
CUST_1182,20,1801.85,1,0,2,3,48.3,2.85,1
CUST_1183,22,1692.47,1,0,1,2,47.8,3.82,0
CUST_1184,22,1849.51,4,0,0,3,0.1,3.8,0
CUST_1185,8,1703.18,1,1,1,4,45.9,3.93,1
CUST_1186,17,1374.26,3,1,1,1,1.0,3.76,0
CUST_1187,7,1201.18,3,2,2,1,5.6,2.95,1
CUST_1188,1,1341.94,4,0,0,1,13.0,3.27,0
CUST_1189,13,2323.75,2,0,0,2,11.8,4.33,0
CUST_1190,23,1422.06,1,0,0,1,16.7,4.46,0
CUST_1191,19,1707.05,1,1,0,3,11.8,2.47,0
CUST_1192,19,2220.44,2,0,1,4,49.0,2.12,1
CUST_1193,17,1632.97,2,0,1,2,5.0,2.85,0
CUST_1194,13,2180.02,1,2,0,3,5.8,4.44,0
CUST_1195,16,875.52,1,1,1,1,45.6,4.59,0
CUST_1196,8,1720.49,4,0,1,1,1.4,2.67,0
CUST_1197,19,1847.34,2,1,0,4,16.9,3.78,0
CUST_1198,18,1813.88,1,1,0,3,20.6,5.0,0
CUST_1199,1,808.25,3,1,1,1,12.7,3.87,0
CUST_1200,14,2521.87,2,1,1,3,21.3,4.78,0
CUST_1201,19,1287.2,4,1,1,2,3.4,4.4,0
CUST_1202,15,2001.02,4,1,0,2,34.5,2.68,0
CUST_1203,18,1804.78,1,0,0,4,2.7,3.33,0
CUST_1204,2,2402.23,2,0,0,2,9.2,3.53,0
CUST_1205,22,3112.49,3,3,1,2,1.4,3.59,0
CUST_1206,17,1025.78,3,2,1,4,14.2,4.32,0
CUST_1207,18,1410.65,2,1,0,4,19.9,3.87,0
CUST_1208,6,1913.46,2,3,1,2,51.0,1.0,1
CUST_1209,19,1136.79,2,0,1,1,24.2,2.32,0
CUST_1210,4,2269.31,2,2,1,1,14.0,1.53,1
CUST_1211,1,2306.02,3,0,2,2,48.6,3.66,1
CUST_1212,8,2135.67,1,0,0,2,11.7,3.72,0
CUST_1213,23,1941.95,3,1,2,2,14.8,3.75,0
CUST_1214,7,2621.83,1,1,0,2,16.3,2.64,0
CUST_1215,3,1106.62,2,1,0,2,9.5,4.11,0
CUST_1216,10,1839.16,1,0,1,2,32.8,4.14,0
CUST_1217,10,1356.72,1,1,2,2,3.7,2.37,1
CUST_1218,19,2333.95,3,0,1,2,14.6,2.18,0
CUST_1219,14,700.0,1,0,1,6,23.1,3.5,0
CUST_1220,2,1783.15,1,0,1,2,42.2,5.0,0
CUST_1221,1,2001.14,1,2,1,1,38.8,5.0,1
CUST_1222,23,1231.5,3,2,0,3,12.8,4.01,0
CUST_1223,23,1424.29,1,2,1,1,18.5,2.84,0
CUST_1224,18,1809.23,2,0,1,5,9.0,4.3,0
CUST_1225,7,2373.06,1,0,1,2,11.4,3.09,0
CUST_1226,8,1180.28,1,0,1,1,42.6,2.81,1
CUST_1227,1,1284.93,4,2,1,2,48.0,1.57,1
CUST_1228,23,2475.35,2,3,2,1,40.6,3.59,1
CUST_1229,3,1636.21,1,1,1,0,2.7,2.93,0
CUST_1230,23,1333.48,2,0,2,5,34.2,3.59,0
CUST_1231,8,2237.21,1,0,0,3,53.3,1.43,1
CUST_1232,22,1507.08,3,2,1,1,8.1,3.65,0
CUST_1233,15,2416.45,3,2,1,4,13.2,1.31,1
CUST_1234,5,1401.77,6,0,1,0,27.2,4.48,0
CUST_1235,3,1704.24,1,2,1,2,14.9,3.97,0
CUST_1236,19,2366.98,3,2,1,0,90.0,3.25,1
CUST_1237,1,1664.24,1,0,1,4,10.9,4.01,0
CUST_1238,15,2253.63,4,0,1,4,22.5,2.62,0
CUST_1239,8,1760.67,1,1,0,2,28.3,3.57,0
CUST_1240,2,2989.02,4,2,1,2,12.3,4.22,0
CUST_1241,3,2741.27,1,3,0,3,35.0,1.0,1
CUST_1242,14,1003.14,2,3,0,1,14.2,3.1,0
CUST_1243,14,2113.35,2,1,1,4,9.5,3.48,0
CUST_1244,11,1310.16,2,0,1,0,2.1,3.32,0
CUST_1245,16,1914.9,1,2,1,2,9.0,4.81,0
CUST_1246,4,1841.02,3,2,0,0,23.8,2.49,1
CUST_1247,20,1166.77,2,1,0,0,45.8,2.94,0
CUST_1248,5,2435.09,1,1,1,6,5.2,1.78,1
CUST_1249,22,1921.98,1,3,0,2,7.9,4.86,0
CUST_1250,21,1629.19,3,0,1,1,3.0,3.28,0
CUST_1251,14,1537.13,5,1,0,2,21.1,3.11,0
CUST_1252,23,1883.87,1,0,1,4,58.0,3.45,0
CUST_1253,16,2044.76,1,1,0,1,18.4,4.07,0
CUST_1254,18,1725.01,1,0,0,5,17.3,3.81,0
CUST_1255,7,400.0,1,1,1,1,14.5,5.0,0
CUST_1256,10,1810.13,1,2,0,0,1.7,3.91,0
CUST_1257,7,935.11,3,2,1,1,23.5,3.08,1
CUST_1258,1,1674.33,1,0,2,1,16.6,2.99,1
CUST_1259,23,957.26,4,2,1,0,19.5,3.15,0
CUST_1260,21,950.1,2,3,1,4,41.2,2.15,1
CUST_1261,19,2541.07,1,0,0,1,27.6,3.54,0
CUST_1262,16,1607.94,1,1,0,2,27.3,4.21,0
CUST_1263,19,1562.0,3,4,2,4,47.2,2.95,1
CUST_1264,4,2089.51,1,1,1,2,82.8,2.77,1
CUST_1265,18,1577.65,1,3,1,4,15.7,4.86,0
CUST_1266,2,3062.28,6,2,1,2,2.1,2.22,1
CUST_1267,1,1636.19,1,2,0,4,11.1,1.64,1
CUST_1268,15,2019.08,1,2,0,4,27.9,2.46,1
CUST_1269,5,2382.56,3,1,1,3,0.5,2.11,1
CUST_1270,20,2761.35,1,0,1,3,1.1,3.85,0
CUST_1271,11,1354.8,2,1,1,1,1.3,3.18,0
CUST_1272,10,1549.22,2,4,2,1,23.6,3.3,1
CUST_1273,2,2564.76,1,1,0,3,12.5,4.54,0
CUST_1274,3,2286.04,1,2,0,2,8.3,2.88,0
CUST_1275,23,2445.11,1,1,1,3,2.0,4.2,0
CUST_1276,23,978.78,2,2,1,1,23.7,4.86,0
CUST_1277,12,2728.8,1,2,1,2,7.0,3.09,0
CUST_1278,20,1343.16,1,0,0,2,5.5,4.16,0
CUST_1279,5,1915.38,1,1,0,2,19.0,3.28,0
CUST_1280,5,1711.07,5,0,1,1,14.7,4.33,0
CUST_1281,6,1272.91,4,4,0,2,8.1,2.09,1
CUST_1282,9,952.48,3,0,1,2,18.5,2.02,0
CUST_1283,2,753.69,1,1,2,1,5.7,3.15,1
CUST_1284,21,1871.41,1,1,1,2,28.5,2.7,0
CUST_1285,12,884.81,1,0,0,4,4.7,3.03,0
CUST_1286,3,1119.71,1,1,1,3,3.1,3.3,0
CUST_1287,20,1669.18,3,0,0,0,27.5,4.15,0
CUST_1288,22,400.0,2,1,0,4,22.2,3.13,0
CUST_1289,12,2267.39,1,0,0,2,3.6,2.76,0
CUST_1290,17,400.0,2,1,0,2,2.2,3.18,0
CUST_1291,10,1753.58,2,1,2,2,32.8,2.81,1
CUST_1292,14,1809.01,3,1,0,3,27.0,2.66,0
CUST_1293,23,2122.84,1,1,0,0,7.1,2.05,0
CUST_1294,17,1774.99,2,3,2,1,19.3,3.56,1
CUST_1295,18,3010.74,1,0,0,1,2.4,2.99,0
CUST_1296,19,1929.79,2,1,1,1,12.7,4.37,0
CUST_1297,17,2432.17,3,3,0,2,0.3,2.2,0
CUST_1298,14,1365.92,3,3,0,1,8.9,3.01,0
CUST_1299,9,1872.45,1,0,2,1,1.4,5.0,0
CUST_1300,8,2728.54,1,1,0,1,11.6,2.65,0
CUST_1301,2,1657.38,2,2,1,3,9.9,3.29,1
CUST_1302,13,1915.34,1,1,0,0,10.6,2.41,0
CUST_1303,7,2388.51,1,0,0,1,0.8,2.29,0
CUST_1304,9,1354.66,1,0,0,1,8.1,4.89,0
CUST_1305,22,503.06,1,1,0,3,25.4,3.65,0
CUST_1306,22,1953.34,3,0,0,4,8.3,3.62,0
CUST_1307,11,2393.2,4,1,1,1,22.6,1.97,1
CUST_1308,14,989.13,2,1,1,2,8.3,3.82,0
CUST_1309,4,2202.13,1,0,0,4,9.9,4.54,0
CUST_1310,13,2206.18,1,0,0,2,14.9,4.53,0
CUST_1311,2,435.9,1,1,2,0,54.2,4.1,1
CUST_1312,23,1238.23,3,3,2,0,2.1,2.48,0
CUST_1313,5,1562.5,1,0,1,2,0.6,3.78,0
CUST_1314,11,1692.23,2,4,2,4,16.9,4.1,1
CUST_1315,6,1354.12,2,0,0,0,53.6,1.89,1
CUST_1316,18,1321.8,2,0,0,0,82.4,2.49,1
CUST_1317,21,2802.89,1,0,1,0,11.9,4.3,0
CUST_1318,10,1735.46,2,1,1,2,11.4,4.29,0
CUST_1319,4,1382.97,2,2,1,1,18.6,2.11,1
CUST_1320,9,1775.3,1,2,0,3,14.6,4.22,0
CUST_1321,6,2122.25,1,0,2,1,18.1,3.59,0
CUST_1322,2,1830.98,1,1,1,3,37.3,4.2,1
CUST_1323,17,1676.56,2,0,1,2,24.7,2.93,0
CUST_1324,5,1409.99,1,1,1,1,12.4,4.08,0
CUST_1325,6,1402.72,2,1,0,2,11.2,4.26,0
CUST_1326,12,1441.31,1,2,0,2,18.4,3.18,0
CUST_1327,23,2003.29,4,0,0,1,10.9,3.52,0
CUST_1328,21,1203.49,1,0,0,3,11.0,2.92,0
CUST_1329,10,2035.96,3,1,0,1,0.3,4.99,0
CUST_1330,22,2647.8,2,2,1,1,3.4,3.39,0
CUST_1331,21,1995.42,3,2,0,1,12.1,2.67,0
CUST_1332,6,1578.25,2,1,1,0,31.1,2.86,1
CUST_1333,8,1021.12,4,2,0,2,5.9,3.61,0
CUST_1334,2,2746.86,2,1,0,2,13.3,4.18,0
CUST_1335,12,1097.99,1,0,2,1,7.6,2.3,0
CUST_1336,13,2309.14,1,2,1,2,2.0,5.0,0
CUST_1337,21,2183.11,1,1,2,0,57.2,3.78,1
CUST_1338,7,1657.94,2,3,2,3,34.7,3.92,1
CUST_1339,10,1642.21,4,1,0,2,1.5,3.41,0
CUST_1340,13,698.57,1,1,0,1,22.9,3.52,0
CUST_1341,17,1998.04,1,2,1,3,7.7,3.37,0
CUST_1342,21,2171.96,2,0,2,1,90.0,4.42,1
CUST_1343,14,1146.55,1,0,1,2,6.5,3.49,0
CUST_1344,2,1706.51,1,2,1,2,4.9,4.19,0
CUST_1345,22,1822.72,2,2,1,0,15.1,3.11,0
CUST_1346,11,2150.74,3,3,0,6,32.4,3.68,1
CUST_1347,1,1802.28,3,0,1,2,3.8,2.78,0
CUST_1348,19,824.21,1,1,1,0,22.2,4.59,0
CUST_1349,21,1482.04,1,0,1,3,1.1,2.75,0
CUST_1350,4,1934.78,2,1,0,1,45.2,3.21,1
CUST_1351,19,2304.92,4,1,0,1,1.5,3.22,0
CUST_1352,21,1429.42,2,4,0,2,44.2,3.18,1
CUST_1353,11,3112.59,2,2,0,2,12.1,4.15,0
CUST_1354,8,663.32,4,0,2,1,10.7,3.22,0
CUST_1355,11,1461.78,1,0,0,3,65.2,4.75,0
CUST_1356,4,1750.18,1,0,0,0,83.6,2.76,1
CUST_1357,17,1679.55,3,0,0,4,18.9,3.65,0
CUST_1358,7,1060.71,1,0,1,0,2.4,2.8,0
CUST_1359,8,2068.72,2,0,1,4,12.7,3.88,0
CUST_1360,3,2022.66,3,0,0,0,13.6,3.49,0
CUST_1361,22,1828.78,1,1,0,0,13.0,3.36,0
CUST_1362,2,1999.11,3,1,0,1,15.2,4.57,0
CUST_1363,23,1545.73,2,4,1,2,0.3,2.91,0
CUST_1364,15,829.58,2,4,0,2,22.4,4.03,0
CUST_1365,22,1370.02,2,1,2,3,22.4,2.81,0
CUST_1366,22,1894.23,1,1,1,3,2.2,3.6,0
CUST_1367,5,1897.65,4,1,0,3,15.2,2.42,0
CUST_1368,1,1824.83,1,0,1,0,15.1,2.9,0
CUST_1369,4,2129.22,2,2,0,1,20.6,3.43,0
CUST_1370,15,1451.31,2,0,1,1,1.6,5.0,0
CUST_1371,20,1816.01,1,0,0,1,17.7,3.59,0
CUST_1372,19,2143.26,4,3,1,1,5.9,4.99,0
CUST_1373,3,1749.07,1,2,1,1,12.7,3.7,0
CUST_1374,20,1054.01,1,1,2,3,26.7,3.15,0
CUST_1375,11,1223.11,4,2,0,2,22.0,4.89,0
CUST_1376,17,2298.51,2,0,0,5,2.3,3.89,0
CUST_1377,13,2635.48,2,0,1,1,16.1,2.92,0
CUST_1378,11,2505.17,1,1,2,2,62.6,3.92,1
CUST_1379,2,1939.29,3,0,2,1,3.1,3.24,0
CUST_1380,9,1078.12,2,3,0,0,34.5,1.71,1
CUST_1381,2,1796.19,4,4,0,2,21.8,4.34,1
CUST_1382,21,2737.35,3,1,1,1,26.8,4.49,0
CUST_1383,9,2171.09,1,0,0,1,6.0,5.0,0
CUST_1384,9,1675.51,1,1,0,2,6.1,3.88,0
CUST_1385,8,2177.18,2,3,0,2,42.6,3.28,1
CUST_1386,17,1038.36,1,1,1,2,8.0,4.25,0
CUST_1387,1,1382.6,1,2,2,4,1.2,4.26,1
CUST_1388,11,1149.49,1,1,2,1,16.5,4.97,0
CUST_1389,8,2081.74,3,0,0,1,2.4,3.46,0
CUST_1390,10,2228.46,1,0,1,3,28.7,3.35,0
CUST_1391,7,1707.7,1,2,1,3,18.5,2.86,1
CUST_1392,3,1276.24,1,1,0,2,37.4,3.98,0
CUST_1393,3,1788.15,2,1,1,2,27.7,2.11,1
CUST_1394,18,1508.05,3,0,0,1,2.1,4.2,0
CUST_1395,5,1322.3,4,3,0,4,8.6,4.03,0
CUST_1396,12,2003.4,1,1,0,2,26.8,4.03,0
CUST_1397,12,1345.2,1,0,0,5,9.7,3.62,0
CUST_1398,19,860.19,2,1,1,3,64.6,4.88,0
CUST_1399,6,993.53,3,0,0,3,24.0,4.28,0
CUST_1400,2,838.04,2,0,0,1,0.3,2.95,0
CUST_1401,12,1948.51,2,0,0,4,38.2,2.97,0
CUST_1402,19,1890.24,1,2,1,0,1.9,2.71,0
CUST_1403,5,1860.31,1,0,1,1,2.7,4.0,0
CUST_1404,12,2152.64,2,0,1,2,23.9,2.6,0
CUST_1405,17,2515.18,2,1,1,0,36.0,4.48,0
CUST_1406,17,1444.64,3,1,0,2,13.8,4.69,0
CUST_1407,10,2043.89,1,0,0,1,6.1,2.71,0
CUST_1408,23,852.23,2,2,1,2,7.8,3.33,0
CUST_1409,17,2627.23,2,3,0,6,7.6,3.51,0
CUST_1410,15,1053.1,2,2,0,3,7.1,4.3,0
CUST_1411,12,1373.95,1,1,1,3,5.0,4.95,0
CUST_1412,16,1441.37,1,0,0,2,16.9,1.98,0
CUST_1413,19,884.24,3,0,0,3,41.5,3.21,0
CUST_1414,8,1819.55,3,0,1,2,6.6,3.26,0
CUST_1415,21,1928.34,1,2,1,1,3.7,2.24,0
CUST_1416,17,1686.35,2,0,1,4,32.8,3.06,0
CUST_1417,23,875.85,1,2,1,4,24.4,3.88,0
CUST_1418,5,2990.03,3,3,1,5,48.1,3.25,1
CUST_1419,22,2129.54,1,2,1,0,3.3,2.11,0
CUST_1420,16,3380.53,4,0,0,1,2.8,5.0,0
CUST_1421,6,1316.93,3,0,0,0,14.0,3.74,0
CUST_1422,8,2374.73,1,0,1,1,17.2,3.6,0
CUST_1423,18,2267.56,1,2,0,1,11.8,2.51,0
CUST_1424,12,1625.65,1,0,2,1,16.4,3.73,0
CUST_1425,15,2646.63,2,3,1,0,3.6,3.35,0
CUST_1426,9,1556.75,2,1,0,3,11.8,1.8,0
CUST_1427,13,1583.47,3,1,0,2,19.3,2.54,0
CUST_1428,15,400.0,1,1,0,0,10.2,4.22,0
CUST_1429,10,2045.42,1,1,0,1,20.5,5.0,0
CUST_1430,16,1004.69,4,1,0,2,10.8,3.83,0
CUST_1431,7,1469.57,1,1,1,7,7.3,4.49,0
CUST_1432,17,1184.27,1,0,1,5,6.5,3.36,0
CUST_1433,23,1580.26,3,0,1,3,9.5,3.42,0
CUST_1434,21,2066.33,1,2,0,0,0.4,4.48,0
CUST_1435,22,1806.68,1,2,0,1,19.9,5.0,0
CUST_1436,7,2225.78,2,1,1,2,33.6,4.67,0
CUST_1437,14,2559.38,2,2,1,1,7.9,2.54,0
CUST_1438,15,1578.72,3,1,1,1,0.8,3.44,0
CUST_1439,21,1512.86,2,0,2,1,77.9,3.75,1
CUST_1440,7,2374.64,2,1,1,5,5.5,3.27,0
CUST_1441,9,2422.23,2,0,1,2,2.4,3.85,0
CUST_1442,19,2244.35,1,1,0,1,8.3,4.24,0
CUST_1443,16,1228.69,2,3,1,3,24.1,4.4,0
CUST_1444,8,2053.59,4,0,0,5,6.3,5.0,0
CUST_1445,18,1865.68,3,1,1,1,15.4,3.2,0
CUST_1446,23,2431.52,3,1,1,3,9.7,2.27,0
CUST_1447,18,1456.28,1,0,0,1,2.3,3.82,0
CUST_1448,20,800.03,1,0,0,3,7.2,5.0,0
CUST_1449,7,2214.14,2,1,0,5,23.2,3.07,0
CUST_1450,3,400.0,3,0,0,2,17.0,4.12,0
CUST_1451,18,1361.09,1,2,0,1,2.3,4.13,0
CUST_1452,10,1186.08,4,0,0,0,3.2,3.67,0
CUST_1453,7,1182.04,1,3,0,1,18.4,3.51,0
CUST_1454,17,1350.58,1,1,0,3,30.2,2.67,0
CUST_1455,14,2530.42,2,0,2,4,7.7,1.45,1
CUST_1456,3,2292.33,1,3,0,1,16.3,2.5,1
CUST_1457,12,1648.96,4,0,0,5,3.4,3.15,0
CUST_1458,13,2480.17,1,3,1,2,6.7,4.49,0
CUST_1459,2,1162.62,1,0,1,3,0.4,3.41,0
CUST_1460,3,1081.03,2,1,1,1,26.3,3.03,1
CUST_1461,5,2318.16,1,3,0,3,9.2,2.7,1
CUST_1462,11,2147.79,1,1,1,1,30.5,4.09,0
CUST_1463,8,1523.84,2,1,1,5,22.2,4.72,0
CUST_1464,23,1118.72,1,1,1,4,31.8,4.46,0
CUST_1465,23,2675.84,2,1,1,2,6.1,4.05,0
CUST_1466,12,767.94,2,0,1,3,3.7,2.17,0
CUST_1467,7,1440.94,5,1,1,1,64.3,3.18,1
CUST_1468,15,1937.15,2,2,1,2,22.7,5.0,0
CUST_1469,17,2881.3,2,1,1,1,32.3,4.51,0
CUST_1470,4,2029.86,3,0,1,5,0.2,2.12,0
CUST_1471,22,2088.18,2,2,1,1,7.9,3.45,0
CUST_1472,13,1458.37,3,1,0,2,24.4,3.83,0
CUST_1473,18,2141.09,3,1,2,0,1.5,2.81,0
CUST_1474,1,1863.19,1,3,0,1,15.1,1.42,1
CUST_1475,16,846.92,4,1,1,0,10.1,3.59,0
CUST_1476,13,2275.76,1,1,1,3,0.3,2.79,0
CUST_1477,10,2382.24,3,1,0,0,4.8,2.79,0
CUST_1478,12,2282.02,4,1,1,4,6.0,3.18,0
CUST_1479,2,1820.0,1,1,0,1,2.1,3.38,0
CUST_1480,23,1226.29,1,2,0,2,18.0,3.49,0
CUST_1481,3,414.49,1,1,0,2,5.0,2.7,0
CUST_1482,10,1894.23,2,1,0,2,5.9,3.3,0
CUST_1483,2,2449.17,1,2,0,1,41.1,1.92,1
CUST_1484,23,2397.32,3,0,2,2,11.3,3.78,0
CUST_1485,13,2289.64,2,0,2,0,9.0,1.0,1
CUST_1486,13,1755.47,2,1,0,5,23.2,3.24,0
CUST_1487,18,2452.48,2,1,1,4,43.3,4.33,0
CUST_1488,3,2354.5,1,1,0,4,0.5,2.55,0
CUST_1489,7,1546.42,1,1,0,1,10.7,4.14,0
CUST_1490,14,2205.96,2,3,0,1,17.0,4.54,0
CUST_1491,20,1478.42,3,0,2,3,6.9,1.0,1
CUST_1492,17,2124.01,2,3,2,1,26.6,3.36,1
CUST_1493,21,1020.53,2,1,0,3,64.0,1.0,1
CUST_1494,12,1066.67,1,2,0,0,51.7,3.39,1
CUST_1495,16,2434.92,1,1,0,1,5.6,3.49,0
CUST_1496,12,2362.54,2,1,1,3,4.6,1.27,1
CUST_1497,15,2180.17,3,1,1,2,56.8,5.0,0
CUST_1498,10,1852.78,3,2,0,3,11.0,3.76,0
CUST_1499,7,400.0,3,0,1,2,4.2,2.74,0
CUST_1500,20,1755.07,3,1,0,1,22.1,4.82,0
